Using pre-set license
Built from '2022.3/staging' branch; Version is '2022.3.17f1 (4fc78088f837) revision 5228416'; Using compiler version '192829333'; Build Type 'Release'
OS: 'Windows 11  (10.0.22631) 64bit Professional' Language: 'es' Physical Memory: 16165 MB
BatchMode: 1, IsHumanControllingUs: 0, StartBugReporterOnCrash: 0, Is64bit: 1, IsPro: 1

COMMAND LINE ARGUMENTS:
C:\Program Files\Unity\Hub\Editor\2022.3.17f1\Editor\Unity.exe
-adb2
-batchMode
-noUpm
-name
AssetImportWorker2
-projectPath
C:/Users/Sebastian Vargas/Documents/GitHub/Proyecto4Unity2D/Proyecto4_2D
-logFile
Logs/AssetImportWorker2.log
-srvPort
54271
Successfully changed project path to: C:/Users/Sebastian Vargas/Documents/GitHub/Proyecto4Unity2D/Proyecto4_2D
C:/Users/Sebastian Vargas/Documents/GitHub/Proyecto4Unity2D/Proyecto4_2D
[UnityMemory] Configuration Parameters - Can be set up in boot.config
    "memorysetup-bucket-allocator-granularity=16"
    "memorysetup-bucket-allocator-bucket-count=8"
    "memorysetup-bucket-allocator-block-size=33554432"
    "memorysetup-bucket-allocator-block-count=8"
    "memorysetup-main-allocator-block-size=16777216"
    "memorysetup-thread-allocator-block-size=16777216"
    "memorysetup-gfx-main-allocator-block-size=16777216"
    "memorysetup-gfx-thread-allocator-block-size=16777216"
    "memorysetup-cache-allocator-block-size=4194304"
    "memorysetup-typetree-allocator-block-size=2097152"
    "memorysetup-profiler-bucket-allocator-granularity=16"
    "memorysetup-profiler-bucket-allocator-bucket-count=8"
    "memorysetup-profiler-bucket-allocator-block-size=33554432"
    "memorysetup-profiler-bucket-allocator-block-count=8"
    "memorysetup-profiler-allocator-block-size=16777216"
    "memorysetup-profiler-editor-allocator-block-size=1048576"
    "memorysetup-temp-allocator-size-main=16777216"
    "memorysetup-job-temp-allocator-block-size=2097152"
    "memorysetup-job-temp-allocator-block-size-background=1048576"
    "memorysetup-job-temp-allocator-reduction-small-platforms=262144"
    "memorysetup-allocator-temp-initial-block-size-main=262144"
    "memorysetup-allocator-temp-initial-block-size-worker=262144"
    "memorysetup-temp-allocator-size-background-worker=32768"
    "memorysetup-temp-allocator-size-job-worker=262144"
    "memorysetup-temp-allocator-size-preload-manager=33554432"
    "memorysetup-temp-allocator-size-nav-mesh-worker=65536"
    "memorysetup-temp-allocator-size-audio-worker=65536"
    "memorysetup-temp-allocator-size-cloud-worker=32768"
    "memorysetup-temp-allocator-size-gi-baking-worker=262144"
    "memorysetup-temp-allocator-size-gfx=262144"
Player connection [1988] Host "[IP] 172.17.192.1 [Port] 0 [Flags] 2 [Guid] 46346119 [EditorId] 46346119 [Version] 1048832 [Id] WindowsEditor(7,DESKTOP-30OHE0J) [Debug] 1 [PackageName] WindowsEditor [ProjectName] Editor" joined multi-casting on [225.0.0.222:54997]...

Player connection [1988] Host "[IP] 172.17.192.1 [Port] 0 [Flags] 2 [Guid] 46346119 [EditorId] 46346119 [Version] 1048832 [Id] WindowsEditor(7,DESKTOP-30OHE0J) [Debug] 1 [PackageName] WindowsEditor [ProjectName] Editor" joined alternative multi-casting on [225.0.0.222:34997]...

[Physics::Module] Initialized MultithreadedJobDispatcher with 11 workers.
Refreshing native plugins compatible for Editor in 13.23 ms, found 4 plugins.
Preloading 0 native plugins for Editor in 0.00 ms.
Initialize engine version: 2022.3.17f1 (4fc78088f837)
[Subsystems] Discovering subsystems at path C:/Program Files/Unity/Hub/Editor/2022.3.17f1/Editor/Data/Resources/UnitySubsystems
[Subsystems] Discovering subsystems at path C:/Users/Sebastian Vargas/Documents/GitHub/Proyecto4Unity2D/Proyecto4_2D/Assets
GfxDevice: creating device client; threaded=0; jobified=0
Direct3D:
    Version:  Direct3D 11.0 [level 11.1]
    Renderer: NVIDIA GeForce RTX 3060 (ID=0x2504)
    Vendor:   NVIDIA
    VRAM:     12115 MB
    Driver:   32.0.15.6636
Initialize mono
Mono path[0] = 'C:/Program Files/Unity/Hub/Editor/2022.3.17f1/Editor/Data/Managed'
Mono path[1] = 'C:/Program Files/Unity/Hub/Editor/2022.3.17f1/Editor/Data/MonoBleedingEdge/lib/mono/unityjit-win32'
Mono config path = 'C:/Program Files/Unity/Hub/Editor/2022.3.17f1/Editor/Data/MonoBleedingEdge/etc'
Using monoOptions --debugger-agent=transport=dt_socket,embedding=1,server=y,suspend=n,address=127.0.0.1:56992
Begin MonoManager ReloadAssembly
Registering precompiled unity dll's ...
Register platform support module: C:/Program Files/Unity/Hub/Editor/2022.3.17f1/Editor/Data/PlaybackEngines/WindowsStandaloneSupport/UnityEditor.WindowsStandalone.Extensions.dll
Registered in 0.006321 seconds.
- Loaded All Assemblies, in  0.330 seconds
Native extension for WindowsStandalone target not found
Mono: successfully reloaded assembly
- Finished resetting the current domain, in  0.281 seconds
Domain Reload Profiling: 610ms
	BeginReloadAssembly (118ms)
		ExecutionOrderSort (0ms)
		DisableScriptedObjects (0ms)
		BackupInstance (0ms)
		ReleaseScriptingObjects (0ms)
		CreateAndSetChildDomain (1ms)
	RebuildCommonClasses (32ms)
	RebuildNativeTypeToScriptingClass (10ms)
	initialDomainReloadingComplete (55ms)
	LoadAllAssembliesAndSetupDomain (114ms)
		LoadAssemblies (115ms)
		RebuildTransferFunctionScriptingTraits (0ms)
		AnalyzeDomain (112ms)
			TypeCache.Refresh (111ms)
				TypeCache.ScanAssembly (99ms)
			ScanForSourceGeneratedMonoScriptInfo (0ms)
			ResolveRequiredComponents (1ms)
	FinalizeReload (281ms)
		ReleaseScriptCaches (0ms)
		RebuildScriptCaches (0ms)
		SetupLoadedEditorAssemblies (223ms)
			LogAssemblyErrors (0ms)
			InitializePlatformSupportModulesInManaged (10ms)
			SetLoadedEditorAssemblies (9ms)
			RefreshPlugins (0ms)
			BeforeProcessingInitializeOnLoad (3ms)
			ProcessInitializeOnLoadAttributes (151ms)
			ProcessInitializeOnLoadMethodAttributes (49ms)
			AfterProcessingInitializeOnLoad (0ms)
			EditorAssembliesLoaded (0ms)
		ExecutionOrderSort2 (0ms)
		AwakeInstancesAfterBackupRestoration (0ms)
========================================================================
Worker process is ready to serve import requests
Begin MonoManager ReloadAssembly
- Loaded All Assemblies, in  0.620 seconds
Refreshing native plugins compatible for Editor in 4.98 ms, found 4 plugins.
Native extension for WindowsStandalone target not found
Package Manager log level set to [2]
[Package Manager] Server::EnsureServerProcessIsRunning -- launch failed, reason: Unity was launched with the -noUpm command-line argument
[Package Manager] UpmClient::Send -- Unable to send message (not connected to UPM process).
[Package Manager] Cannot connect to Unity Package Manager local server
Mono: successfully reloaded assembly
- Finished resetting the current domain, in  0.738 seconds
Domain Reload Profiling: 1355ms
	BeginReloadAssembly (133ms)
		ExecutionOrderSort (0ms)
		DisableScriptedObjects (5ms)
		BackupInstance (0ms)
		ReleaseScriptingObjects (0ms)
		CreateAndSetChildDomain (18ms)
	RebuildCommonClasses (30ms)
	RebuildNativeTypeToScriptingClass (10ms)
	initialDomainReloadingComplete (37ms)
	LoadAllAssembliesAndSetupDomain (406ms)
		LoadAssemblies (323ms)
		RebuildTransferFunctionScriptingTraits (0ms)
		AnalyzeDomain (161ms)
			TypeCache.Refresh (136ms)
				TypeCache.ScanAssembly (123ms)
			ScanForSourceGeneratedMonoScriptInfo (21ms)
			ResolveRequiredComponents (4ms)
	FinalizeReload (738ms)
		ReleaseScriptCaches (0ms)
		RebuildScriptCaches (0ms)
		SetupLoadedEditorAssemblies (585ms)
			LogAssemblyErrors (0ms)
			InitializePlatformSupportModulesInManaged (6ms)
			SetLoadedEditorAssemblies (5ms)
			RefreshPlugins (0ms)
			BeforeProcessingInitializeOnLoad (111ms)
			ProcessInitializeOnLoadAttributes (423ms)
			ProcessInitializeOnLoadMethodAttributes (33ms)
			AfterProcessingInitializeOnLoad (6ms)
			EditorAssembliesLoaded (0ms)
		ExecutionOrderSort2 (0ms)
		AwakeInstancesAfterBackupRestoration (5ms)
Launched and connected shader compiler UnityShaderCompiler.exe after 0.03 seconds
Refreshing native plugins compatible for Editor in 4.47 ms, found 4 plugins.
Preloading 0 native plugins for Editor in 0.00 ms.
Unloading 4425 Unused Serialized files (Serialized files now loaded: 0)
Unloading 77 unused Assets / (245.7 KB). Loaded Objects now: 4885.
Memory consumption went from 153.3 MB to 153.1 MB.
Total: 2.915300 ms (FindLiveObjects: 0.207100 ms CreateObjectMapping: 0.147800 ms MarkObjects: 2.389800 ms  DeleteObjects: 0.169600 ms)

AssetImportParameters requested are different than current active one (requested -> active):
  custom:container-demuxer-ogg: 62fdf1f143b41e24485cea50d1cbac27 -> 
  custom:video-decoder-ogg-theora: a1e56fd34408186e4bbccfd4996cb3dc -> 
  custom:framework-win-MediaFoundation: 216162199b28c13a410421893ffa2e32 -> 
  custom:CustomObjectIndexerAttribute: 6d391050e5a25f67b0a2c618074f2cd9 -> 
  custom:container-demuxer-webm: 4f35f7cbe854078d1ac9338744f61a02 -> 
  custom:container-muxer-webm: aa71ff27fc2769a1b78a27578f13a17b -> 
  custom:video-decoder-webm-vp8: 9c59270c3fd7afecdb556c50c9e8de78 -> 
  custom:SearchIndexIgnoredProperties: e643bd26f0fe6173181afceb89e7c659 -> 
  custom:AudioImporter_EditorPlatform: d09bf68614088b80899f8185d706f6e7 -> 
  custom:video-encoder-webm-vp8: eb34c28f22e8b96e1ab97ce403110664 -> 
  custom:audio-decoder-ogg-vorbis: bf7c407c2cedff20999df2af8eb42d56 -> 
  custom:audio-encoder-webm-vorbis: bf7c407c2cedff20999df2af8eb42d56 -> 
========================================================================
Received Import Request.
  Time since last request: 495691.189474 seconds.
  path: Assets/Scenes/Nivel2.unity
  artifactKey: Guid(84ae1abe31cabec46b4cd17f8627805b) Importer(815301076,1909f56bfc062723c751e8b465ee728b)
Start importing Assets/Scenes/Nivel2.unity using Guid(84ae1abe31cabec46b4cd17f8627805b) Importer(815301076,1909f56bfc062723c751e8b465ee728b)  -> (artifact id: '04f3a6f7a42f734eb246169434e678ae') in 0.003438 seconds
Number of updated asset objects reloaded before import = 0
Number of asset objects unloaded after import = 0
========================================================================
Received Import Request.
  Time since last request: 70.760661 seconds.
  path: Assets/Scenes/Nivel2.unity
  artifactKey: Guid(84ae1abe31cabec46b4cd17f8627805b) Importer(815301076,1909f56bfc062723c751e8b465ee728b)
Start importing Assets/Scenes/Nivel2.unity using Guid(84ae1abe31cabec46b4cd17f8627805b) Importer(815301076,1909f56bfc062723c751e8b465ee728b)  -> (artifact id: '1889b3de1d0753d6801b14211cfa30c6') in 0.000510 seconds
Number of updated asset objects reloaded before import = 0
Number of asset objects unloaded after import = 0
========================================================================
Received Import Request.
  Time since last request: 328.833442 seconds.
  path: Assets/Material/Palette/tileset.asset
  artifactKey: Guid(8d8e8599ab377bc4380351aaceeb6d64) Importer(815301076,1909f56bfc062723c751e8b465ee728b)
Start importing Assets/Material/Palette/tileset.asset using Guid(8d8e8599ab377bc4380351aaceeb6d64) Importer(815301076,1909f56bfc062723c751e8b465ee728b)  -> (artifact id: '5cacefbe75d394316bb4985297d146a1') in 0.089449 seconds
Number of updated asset objects reloaded before import = 0
Number of asset objects unloaded after import = 3
========================================================================
Received Import Request.
  Time since last request: 0.000024 seconds.
  path: Assets/Material/Palette/tileset-sliced_16.asset
  artifactKey: Guid(8e2b75f38a706a940835458e1f0ba6e9) Importer(815301076,1909f56bfc062723c751e8b465ee728b)
Start importing Assets/Material/Palette/tileset-sliced_16.asset using Guid(8e2b75f38a706a940835458e1f0ba6e9) Importer(815301076,1909f56bfc062723c751e8b465ee728b)  -> (artifact id: '477dcee6f522f064fb4c272b0884f43b') in 0.013345 seconds
Number of updated asset objects reloaded before import = 0
Number of asset objects unloaded after import = 3
========================================================================
Received Import Request.
  Time since last request: 0.000019 seconds.
  path: Assets/Material/Palette/tileset-sliced_6.asset
  artifactKey: Guid(422df5dd06970a243843dca68c6cfc97) Importer(815301076,1909f56bfc062723c751e8b465ee728b)
Start importing Assets/Material/Palette/tileset-sliced_6.asset using Guid(422df5dd06970a243843dca68c6cfc97) Importer(815301076,1909f56bfc062723c751e8b465ee728b)  -> (artifact id: 'c59a7d9ad322b11ea501278afbbda5bd') in 0.011911 seconds
Number of updated asset objects reloaded before import = 0
Number of asset objects unloaded after import = 3
========================================================================
Received Import Request.
  Time since last request: 0.000017 seconds.
  path: Assets/Material/Palette/tileset-sliced_12.asset
  artifactKey: Guid(50782107041ac1c49ac96fa86f3ac93f) Importer(815301076,1909f56bfc062723c751e8b465ee728b)
Start importing Assets/Material/Palette/tileset-sliced_12.asset using Guid(50782107041ac1c49ac96fa86f3ac93f) Importer(815301076,1909f56bfc062723c751e8b465ee728b)  -> (artifact id: '7cf79b0eaf14ece304a065c1832e623e') in 0.011537 seconds
Number of updated asset objects reloaded before import = 0
Number of asset objects unloaded after import = 3
========================================================================
Received Import Request.
  Time since last request: 0.000019 seconds.
  path: Assets/Material/Palette/tileset-sliced_15.asset
  artifactKey: Guid(04783ab95746b5c4287f56781f9e4df8) Importer(815301076,1909f56bfc062723c751e8b465ee728b)
Start importing Assets/Material/Palette/tileset-sliced_15.asset using Guid(04783ab95746b5c4287f56781f9e4df8) Importer(815301076,1909f56bfc062723c751e8b465ee728b)  -> (artifact id: 'b0533ba39cc8c14af46aae257275cfce') in 0.011765 seconds
Number of updated asset objects reloaded before import = 0
Number of asset objects unloaded after import = 3
========================================================================
Received Import Request.
  Time since last request: 0.000021 seconds.
  path: Assets/Material/Palette/tileset-sliced_13.asset
  artifactKey: Guid(542cd7c571e7e25408e5690a0581b10f) Importer(815301076,1909f56bfc062723c751e8b465ee728b)
Start importing Assets/Material/Palette/tileset-sliced_13.asset using Guid(542cd7c571e7e25408e5690a0581b10f) Importer(815301076,1909f56bfc062723c751e8b465ee728b)  -> (artifact id: 'b26650c48775eca09f7ef16f65f76f9b') in 0.011203 seconds
Number of updated asset objects reloaded before import = 0
Number of asset objects unloaded after import = 3
========================================================================
Received Import Request.
  Time since last request: 0.000016 seconds.
  path: Assets/Material/Palette/tileset-sliced_2.asset
  artifactKey: Guid(7929bf18d210dab4d8a2a4e5154e0ecd) Importer(815301076,1909f56bfc062723c751e8b465ee728b)
Start importing Assets/Material/Palette/tileset-sliced_2.asset using Guid(7929bf18d210dab4d8a2a4e5154e0ecd) Importer(815301076,1909f56bfc062723c751e8b465ee728b)  -> (artifact id: '72b1113bccfed7a43df16cd62ef2268c') in 0.013241 seconds
Number of updated asset objects reloaded before import = 0
Number of asset objects unloaded after import = 3
========================================================================
Received Import Request.
  Time since last request: 0.000019 seconds.
  path: Assets/Material/Palette/tileset-sliced_8.asset
  artifactKey: Guid(07fd86b8ae073654681ffbd1bd7c2ed4) Importer(815301076,1909f56bfc062723c751e8b465ee728b)
Start importing Assets/Material/Palette/tileset-sliced_8.asset using Guid(07fd86b8ae073654681ffbd1bd7c2ed4) Importer(815301076,1909f56bfc062723c751e8b465ee728b)  -> (artifact id: '1f4fb2b231d23a69eb9d3d75a4c0fcfe') in 0.010854 seconds
Number of updated asset objects reloaded before import = 0
Number of asset objects unloaded after import = 3
========================================================================
Received Import Request.
  Time since last request: 7.759287 seconds.
  path: Assets/Material/Palette/tileset-sliced_19.asset
  artifactKey: Guid(812206e24eae3e846b9187ec8f949813) Importer(815301076,1909f56bfc062723c751e8b465ee728b)
Start importing Assets/Material/Palette/tileset-sliced_19.asset using Guid(812206e24eae3e846b9187ec8f949813) Importer(815301076,1909f56bfc062723c751e8b465ee728b)  -> (artifact id: '91f1823893cf8805433a7f5d5e936839') in 0.012941 seconds
Number of updated asset objects reloaded before import = 0
Number of asset objects unloaded after import = 3
========================================================================
Received Import Request.
  Time since last request: 6.527186 seconds.
  path: Assets/Material/Palette/tileset-sliced_20.asset
  artifactKey: Guid(826b4c1ee76144d4e800f393c56574a8) Importer(815301076,1909f56bfc062723c751e8b465ee728b)
Start importing Assets/Material/Palette/tileset-sliced_20.asset using Guid(826b4c1ee76144d4e800f393c56574a8) Importer(815301076,1909f56bfc062723c751e8b465ee728b)  -> (artifact id: '6627400e4d85121edb4ed14dd4bf9af5') in 0.015497 seconds
Number of updated asset objects reloaded before import = 0
Number of asset objects unloaded after import = 3
========================================================================
Received Import Request.
  Time since last request: 0.041921 seconds.
  path: Assets/Material/Palette/tileset-sliced_24.asset
  artifactKey: Guid(8ae9b06b0de82e64a94b648db7a36819) Importer(815301076,1909f56bfc062723c751e8b465ee728b)
Start importing Assets/Material/Palette/tileset-sliced_24.asset using Guid(8ae9b06b0de82e64a94b648db7a36819) Importer(815301076,1909f56bfc062723c751e8b465ee728b)  -> (artifact id: '40cd01a1e43aee1211ce7c797e0b369c') in 0.011489 seconds
Number of updated asset objects reloaded before import = 0
Number of asset objects unloaded after import = 3
========================================================================
Received Import Request.
  Time since last request: 0.000019 seconds.
  path: Assets/Material/Palette/tileset-sliced_27.asset
  artifactKey: Guid(5723ce127b32b824493d31d780cac035) Importer(815301076,1909f56bfc062723c751e8b465ee728b)
Start importing Assets/Material/Palette/tileset-sliced_27.asset using Guid(5723ce127b32b824493d31d780cac035) Importer(815301076,1909f56bfc062723c751e8b465ee728b)  -> (artifact id: 'e8e37626f993ab31f7f8f37966fd1581') in 0.009980 seconds
Number of updated asset objects reloaded before import = 0
Number of asset objects unloaded after import = 3
========================================================================
Received Import Request.
  Time since last request: 0.007128 seconds.
  path: Assets/Material/Palette/tileset-sliced_28.asset
  artifactKey: Guid(c60dd38ceaa117947a5afb636a5a3e7d) Importer(815301076,1909f56bfc062723c751e8b465ee728b)
Start importing Assets/Material/Palette/tileset-sliced_28.asset using Guid(c60dd38ceaa117947a5afb636a5a3e7d) Importer(815301076,1909f56bfc062723c751e8b465ee728b)  -> (artifact id: '7c4629dfd56b511968b730847730ea39') in 0.011141 seconds
Number of updated asset objects reloaded before import = 0
Number of asset objects unloaded after import = 3
========================================================================
Received Import Request.
  Time since last request: 0.372289 seconds.
  path: Assets/Material/Palette/tileset-sliced_32.asset
  artifactKey: Guid(107ada1685ddf9c479c3fa6afbfeef2a) Importer(815301076,1909f56bfc062723c751e8b465ee728b)
Start importing Assets/Material/Palette/tileset-sliced_32.asset using Guid(107ada1685ddf9c479c3fa6afbfeef2a) Importer(815301076,1909f56bfc062723c751e8b465ee728b)  -> (artifact id: '95049d0c6499fccf30ff9e48efa3efaf') in 0.012521 seconds
Number of updated asset objects reloaded before import = 0
Number of asset objects unloaded after import = 3
========================================================================
Received Import Request.
  Time since last request: 0.012966 seconds.
  path: Assets/Material/Palette/tileset-sliced_36.asset
  artifactKey: Guid(d0d09229a7b49694c9e512a1b2e42c26) Importer(815301076,1909f56bfc062723c751e8b465ee728b)
Start importing Assets/Material/Palette/tileset-sliced_36.asset using Guid(d0d09229a7b49694c9e512a1b2e42c26) Importer(815301076,1909f56bfc062723c751e8b465ee728b)  -> (artifact id: '3587c163eac61ad6a12e63ff393f860a') in 0.007908 seconds
Number of updated asset objects reloaded before import = 0
Number of asset objects unloaded after import = 3
========================================================================
Received Import Request.
  Time since last request: 0.000020 seconds.
  path: Assets/Material/Palette/tileset-sliced_39.asset
  artifactKey: Guid(52ceb38e0be67a045bdac9a51ace2e30) Importer(815301076,1909f56bfc062723c751e8b465ee728b)
Start importing Assets/Material/Palette/tileset-sliced_39.asset using Guid(52ceb38e0be67a045bdac9a51ace2e30) Importer(815301076,1909f56bfc062723c751e8b465ee728b)  -> (artifact id: '1a3fbd34e3421315f88f566db9ecef73') in 0.011725 seconds
Number of updated asset objects reloaded before import = 0
Number of asset objects unloaded after import = 3
========================================================================
Received Import Request.
  Time since last request: 0.012422 seconds.
  path: Assets/Material/Palette/tileset-sliced_40.asset
  artifactKey: Guid(0e815ad78a7651440bc11c2d59d8a451) Importer(815301076,1909f56bfc062723c751e8b465ee728b)
Start importing Assets/Material/Palette/tileset-sliced_40.asset using Guid(0e815ad78a7651440bc11c2d59d8a451) Importer(815301076,1909f56bfc062723c751e8b465ee728b)  -> (artifact id: 'ded8f5954ae34e9cc0a5d1626aac1991') in 0.010649 seconds
Number of updated asset objects reloaded before import = 0
Number of asset objects unloaded after import = 3
========================================================================
Received Import Request.
  Time since last request: 0.459404 seconds.
  path: Assets/Material/Palette/tileset-sliced_44.asset
  artifactKey: Guid(b9fbe685c684c4641823cd15b38b9f7f) Importer(815301076,1909f56bfc062723c751e8b465ee728b)
Start importing Assets/Material/Palette/tileset-sliced_44.asset using Guid(b9fbe685c684c4641823cd15b38b9f7f) Importer(815301076,1909f56bfc062723c751e8b465ee728b)  -> (artifact id: '8c121270e1e09c1400a7d7182c8bb961') in 0.010849 seconds
Number of updated asset objects reloaded before import = 0
Number of asset objects unloaded after import = 3
========================================================================
Received Import Request.
  Time since last request: 0.014578 seconds.
  path: Assets/Material/Palette/tileset-sliced_48.asset
  artifactKey: Guid(1af56b2be32630c44bb29b384ba7eba0) Importer(815301076,1909f56bfc062723c751e8b465ee728b)
Start importing Assets/Material/Palette/tileset-sliced_48.asset using Guid(1af56b2be32630c44bb29b384ba7eba0) Importer(815301076,1909f56bfc062723c751e8b465ee728b)  -> (artifact id: '0850d443fd255879f67c978a4b3e8c94') in 0.010852 seconds
Number of updated asset objects reloaded before import = 0
Number of asset objects unloaded after import = 3
========================================================================
Received Import Request.
  Time since last request: 0.000017 seconds.
  path: Assets/Material/Palette/tileset-sliced_51.asset
  artifactKey: Guid(d7e9cf839ec366144b296b7762019564) Importer(815301076,1909f56bfc062723c751e8b465ee728b)
Start importing Assets/Material/Palette/tileset-sliced_51.asset using Guid(d7e9cf839ec366144b296b7762019564) Importer(815301076,1909f56bfc062723c751e8b465ee728b)  -> (artifact id: 'e1744ff0aa6545805b2e2716fa066b5e') in 0.009035 seconds
Number of updated asset objects reloaded before import = 0
Number of asset objects unloaded after import = 3
========================================================================
Received Import Request.
  Time since last request: 0.033364 seconds.
  path: Assets/Material/Palette/tileset-sliced_52.asset
  artifactKey: Guid(286f9e105a41c84439494a65b775a802) Importer(815301076,1909f56bfc062723c751e8b465ee728b)
Start importing Assets/Material/Palette/tileset-sliced_52.asset using Guid(286f9e105a41c84439494a65b775a802) Importer(815301076,1909f56bfc062723c751e8b465ee728b)  -> (artifact id: '269ce7eccddddf36ab098adfbb3ec0e4') in 0.013007 seconds
Number of updated asset objects reloaded before import = 0
Number of asset objects unloaded after import = 3
========================================================================
Received Import Request.
  Time since last request: 0.036174 seconds.
  path: Assets/Material/Palette/tileset-sliced_56.asset
  artifactKey: Guid(6d5ca6d0ad72de3428dcdb0cd032d41a) Importer(815301076,1909f56bfc062723c751e8b465ee728b)
Start importing Assets/Material/Palette/tileset-sliced_56.asset using Guid(6d5ca6d0ad72de3428dcdb0cd032d41a) Importer(815301076,1909f56bfc062723c751e8b465ee728b)  -> (artifact id: '625707b9360ab597ebfec03a1350a005') in 0.010830 seconds
Number of updated asset objects reloaded before import = 0
Number of asset objects unloaded after import = 3
========================================================================
Received Import Request.
  Time since last request: 2.266186 seconds.
  path: Assets/Material/Tiles/DañoAmbiente.prefab
  artifactKey: Guid(f13a9ed2508513c4eb7306215f97caa1) Importer(815301076,1909f56bfc062723c751e8b465ee728b)
Start importing Assets/Material/Tiles/DañoAmbiente.prefab using Guid(f13a9ed2508513c4eb7306215f97caa1) Importer(815301076,1909f56bfc062723c751e8b465ee728b)  -> (artifact id: '24db35842c2cd21b9d58025e47b56d53') in 0.060500 seconds
Number of updated asset objects reloaded before import = 0
Number of asset objects unloaded after import = 199
========================================================================
Received Import Request.
  Time since last request: 46.651525 seconds.
  path: Assets/Material/Palette/Cementerio.prefab
  artifactKey: Guid(938973306f1c6f849be257c677b4cee4) Importer(815301076,1909f56bfc062723c751e8b465ee728b)
Start importing Assets/Material/Palette/Cementerio.prefab using Guid(938973306f1c6f849be257c677b4cee4) Importer(815301076,1909f56bfc062723c751e8b465ee728b)  -> (artifact id: '8325def59cf89cb1f3940d492ca02290') in 0.013583 seconds
Number of updated asset objects reloaded before import = 0
Number of asset objects unloaded after import = 10
========================================================================
Received Import Request.
  Time since last request: 6.516649 seconds.
  path: Assets/Material/Palette/tileset-sliced_60.asset
  artifactKey: Guid(f4bbf3a712b43f3469e1b05fbdd4244e) Importer(815301076,1909f56bfc062723c751e8b465ee728b)
Start importing Assets/Material/Palette/tileset-sliced_60.asset using Guid(f4bbf3a712b43f3469e1b05fbdd4244e) Importer(815301076,1909f56bfc062723c751e8b465ee728b)  -> (artifact id: 'a8b73440a9aa4541d9f707747ed09aa5') in 0.009032 seconds
Number of updated asset objects reloaded before import = 0
Number of asset objects unloaded after import = 3
========================================================================
Received Import Request.
  Time since last request: 0.279243 seconds.
  path: Assets/Material/Palette/tileset-sliced_63.asset
  artifactKey: Guid(eab5badbf260a08439d793ddc42d6a03) Importer(815301076,1909f56bfc062723c751e8b465ee728b)
Start importing Assets/Material/Palette/tileset-sliced_63.asset using Guid(eab5badbf260a08439d793ddc42d6a03) Importer(815301076,1909f56bfc062723c751e8b465ee728b)  -> (artifact id: '00d06e893cdbf8c63093a42415dd88f3') in 0.013058 seconds
Number of updated asset objects reloaded before import = 0
Number of asset objects unloaded after import = 3
========================================================================
Received Import Request.
  Time since last request: 0.017625 seconds.
  path: Assets/Material/Palette/tileset-sliced_67.asset
  artifactKey: Guid(8d10212a2e0770148ad2292b772651ca) Importer(815301076,1909f56bfc062723c751e8b465ee728b)
Start importing Assets/Material/Palette/tileset-sliced_67.asset using Guid(8d10212a2e0770148ad2292b772651ca) Importer(815301076,1909f56bfc062723c751e8b465ee728b)  -> (artifact id: 'b170d0f924f816785b648c4d7e248589') in 0.013522 seconds
Number of updated asset objects reloaded before import = 0
Number of asset objects unloaded after import = 3
========================================================================
Received Import Request.
  Time since last request: 0.012614 seconds.
  path: Assets/Material/Palette/tileset-sliced_71.asset
  artifactKey: Guid(61cb4d796d4a7c5429db3d04d81ddcb2) Importer(815301076,1909f56bfc062723c751e8b465ee728b)
Start importing Assets/Material/Palette/tileset-sliced_71.asset using Guid(61cb4d796d4a7c5429db3d04d81ddcb2) Importer(815301076,1909f56bfc062723c751e8b465ee728b)  -> (artifact id: '63725df919ef91453181e7cc2da173f5') in 0.011186 seconds
Number of updated asset objects reloaded before import = 0
Number of asset objects unloaded after import = 3
========================================================================
Received Import Request.
  Time since last request: 0.000019 seconds.
  path: Assets/Material/Palette/tileset-sliced_74.asset
  artifactKey: Guid(765eaa474674e3244b832c67012ff483) Importer(815301076,1909f56bfc062723c751e8b465ee728b)
Start importing Assets/Material/Palette/tileset-sliced_74.asset using Guid(765eaa474674e3244b832c67012ff483) Importer(815301076,1909f56bfc062723c751e8b465ee728b)  -> (artifact id: 'fea7480b4d480412295a2e9d17ed49f8') in 0.011274 seconds
Number of updated asset objects reloaded before import = 0
Number of asset objects unloaded after import = 3
========================================================================
Received Import Request.
  Time since last request: 0.218431 seconds.
  path: Assets/Material/Palette/tileset-sliced_75.asset
  artifactKey: Guid(60c82eefa667ddc40a01182d88e66df3) Importer(815301076,1909f56bfc062723c751e8b465ee728b)
Start importing Assets/Material/Palette/tileset-sliced_75.asset using Guid(60c82eefa667ddc40a01182d88e66df3) Importer(815301076,1909f56bfc062723c751e8b465ee728b)  -> (artifact id: 'c44ae49bc5f8549f65473c83d7dda09b') in 0.006675 seconds
Number of updated asset objects reloaded before import = 0
Number of asset objects unloaded after import = 3
========================================================================
Received Import Request.
  Time since last request: 0.000018 seconds.
  path: Assets/Material/Palette/tileset-sliced_78.asset
  artifactKey: Guid(14c742ce2c4669a4f9ab236ac00d2d43) Importer(815301076,1909f56bfc062723c751e8b465ee728b)
Start importing Assets/Material/Palette/tileset-sliced_78.asset using Guid(14c742ce2c4669a4f9ab236ac00d2d43) Importer(815301076,1909f56bfc062723c751e8b465ee728b)  -> (artifact id: '797be75b226dc9d046660e81185c9161') in 0.012316 seconds
Number of updated asset objects reloaded before import = 0
Number of asset objects unloaded after import = 3
========================================================================
Received Import Request.
  Time since last request: 0.030388 seconds.
  path: Assets/Material/Palette/tileset-sliced_79.asset
  artifactKey: Guid(4ba0966c7c67c564491c3cc871e5813c) Importer(815301076,1909f56bfc062723c751e8b465ee728b)
Start importing Assets/Material/Palette/tileset-sliced_79.asset using Guid(4ba0966c7c67c564491c3cc871e5813c) Importer(815301076,1909f56bfc062723c751e8b465ee728b)  -> (artifact id: 'b40f915631ee13368d0e5f2f1929f3e9') in 0.011870 seconds
Number of updated asset objects reloaded before import = 0
Number of asset objects unloaded after import = 3
========================================================================
Received Import Request.
  Time since last request: 0.000014 seconds.
  path: Assets/Material/Palette/tileset-sliced_83.asset
  artifactKey: Guid(a3e2d8955e6255047a38b12b87d45d31) Importer(815301076,1909f56bfc062723c751e8b465ee728b)
Start importing Assets/Material/Palette/tileset-sliced_83.asset using Guid(a3e2d8955e6255047a38b12b87d45d31) Importer(815301076,1909f56bfc062723c751e8b465ee728b)  -> (artifact id: '13c0bbe635de77ebd3c85c4b3c797f80') in 0.011112 seconds
Number of updated asset objects reloaded before import = 0
Number of asset objects unloaded after import = 3
========================================================================
Received Import Request.
  Time since last request: 0.244024 seconds.
  path: Assets/Material/Palette/tileset-sliced_87.asset
  artifactKey: Guid(4fd79ac87c8ef2543b0771bf13c9d211) Importer(815301076,1909f56bfc062723c751e8b465ee728b)
Start importing Assets/Material/Palette/tileset-sliced_87.asset using Guid(4fd79ac87c8ef2543b0771bf13c9d211) Importer(815301076,1909f56bfc062723c751e8b465ee728b)  -> (artifact id: 'fa9785de0076995eaa3231c0cdc87d66') in 0.017579 seconds
Number of updated asset objects reloaded before import = 0
Number of asset objects unloaded after import = 3
========================================================================
Received Import Request.
  Time since last request: 0.025090 seconds.
  path: Assets/Material/Palette/tileset-sliced_91.asset
  artifactKey: Guid(5f94ed38cbb220843b4393b6306c7d4f) Importer(815301076,1909f56bfc062723c751e8b465ee728b)
Start importing Assets/Material/Palette/tileset-sliced_91.asset using Guid(5f94ed38cbb220843b4393b6306c7d4f) Importer(815301076,1909f56bfc062723c751e8b465ee728b)  -> (artifact id: '0208e195465c7353a17ea21a93028a9e') in 0.008034 seconds
Number of updated asset objects reloaded before import = 0
Number of asset objects unloaded after import = 3
========================================================================
Received Import Request.
  Time since last request: 38.027128 seconds.
  path: Assets/Material/Tiles/tileset-sliced_0.asset
  artifactKey: Guid(37924c67e797381428272f06afcff902) Importer(815301076,1909f56bfc062723c751e8b465ee728b)
Start importing Assets/Material/Tiles/tileset-sliced_0.asset using Guid(37924c67e797381428272f06afcff902) Importer(815301076,1909f56bfc062723c751e8b465ee728b)  -> (artifact id: 'aff9088d2599b32ae5a22719a80f2497') in 0.007388 seconds
Number of updated asset objects reloaded before import = 0
Number of asset objects unloaded after import = 3
========================================================================
Received Import Request.
  Time since last request: 0.000016 seconds.
  path: Assets/Material/Tiles/tileset-sliced_9.asset
  artifactKey: Guid(1131e6f7d7bfcda4aab835f57b8cbb38) Importer(815301076,1909f56bfc062723c751e8b465ee728b)
Start importing Assets/Material/Tiles/tileset-sliced_9.asset using Guid(1131e6f7d7bfcda4aab835f57b8cbb38) Importer(815301076,1909f56bfc062723c751e8b465ee728b)  -> (artifact id: '3d15f14a0b20e98578a3e2545cf43e99') in 0.009214 seconds
Number of updated asset objects reloaded before import = 0
Number of asset objects unloaded after import = 3
========================================================================
Received Import Request.
  Time since last request: 0.000019 seconds.
  path: Assets/Material/Tiles/tileset-sliced_4.asset
  artifactKey: Guid(1a44e442b6fa27c4ca895faf27f85cc0) Importer(815301076,1909f56bfc062723c751e8b465ee728b)
Start importing Assets/Material/Tiles/tileset-sliced_4.asset using Guid(1a44e442b6fa27c4ca895faf27f85cc0) Importer(815301076,1909f56bfc062723c751e8b465ee728b)  -> (artifact id: '4257926ac6e74503dea9f5b8ae3a1a17') in 0.014920 seconds
Number of updated asset objects reloaded before import = 0
Number of asset objects unloaded after import = 3
========================================================================
Received Import Request.
  Time since last request: 0.000017 seconds.
  path: Assets/Material/Tiles/tileset-sliced_14.asset
  artifactKey: Guid(83335c3bdf9894f4f8b19571ef04db69) Importer(815301076,1909f56bfc062723c751e8b465ee728b)
Start importing Assets/Material/Tiles/tileset-sliced_14.asset using Guid(83335c3bdf9894f4f8b19571ef04db69) Importer(815301076,1909f56bfc062723c751e8b465ee728b)  -> (artifact id: 'fc440089af70028825311d861df52738') in 0.008052 seconds
Number of updated asset objects reloaded before import = 0
Number of asset objects unloaded after import = 3
========================================================================
Received Import Request.
  Time since last request: 0.000025 seconds.
  path: Assets/Material/Tiles/tileset-sliced_12.asset
  artifactKey: Guid(40c7586cf133a344a8e705d47ec4a313) Importer(815301076,1909f56bfc062723c751e8b465ee728b)
Start importing Assets/Material/Tiles/tileset-sliced_12.asset using Guid(40c7586cf133a344a8e705d47ec4a313) Importer(815301076,1909f56bfc062723c751e8b465ee728b)  -> (artifact id: '452314b75edaf88d0d026f0e38c42c67') in 0.020091 seconds
Number of updated asset objects reloaded before import = 0
Number of asset objects unloaded after import = 3
========================================================================
Received Import Request.
  Time since last request: 0.811446 seconds.
  path: Assets/Material/Tiles/tileset-sliced_15.asset
  artifactKey: Guid(dcf43735c1002a9488e9c1765af451ae) Importer(815301076,1909f56bfc062723c751e8b465ee728b)
Start importing Assets/Material/Tiles/tileset-sliced_15.asset using Guid(dcf43735c1002a9488e9c1765af451ae) Importer(815301076,1909f56bfc062723c751e8b465ee728b)  -> (artifact id: 'ba859e079ddf3a15d75bab6b7cd9062f') in 0.010887 seconds
Number of updated asset objects reloaded before import = 0
Number of asset objects unloaded after import = 3
========================================================================
Received Import Request.
  Time since last request: 0.116078 seconds.
  path: Assets/Material/Tiles/tileset-sliced_19.asset
  artifactKey: Guid(402587cf83169c34a854aa7630b76a77) Importer(815301076,1909f56bfc062723c751e8b465ee728b)
Start importing Assets/Material/Tiles/tileset-sliced_19.asset using Guid(402587cf83169c34a854aa7630b76a77) Importer(815301076,1909f56bfc062723c751e8b465ee728b)  -> (artifact id: '0b118654cf628c76bedbb5defebf7d09') in 0.007992 seconds
Number of updated asset objects reloaded before import = 0
Number of asset objects unloaded after import = 3
========================================================================
Received Import Request.
  Time since last request: 0.000021 seconds.
  path: Assets/Material/Tiles/tileset-sliced_22.asset
  artifactKey: Guid(626e94ae5a75f344faa91079eda63179) Importer(815301076,1909f56bfc062723c751e8b465ee728b)
Start importing Assets/Material/Tiles/tileset-sliced_22.asset using Guid(626e94ae5a75f344faa91079eda63179) Importer(815301076,1909f56bfc062723c751e8b465ee728b)  -> (artifact id: 'bec56556d2e8192199f22af093e166c1') in 0.009520 seconds
Number of updated asset objects reloaded before import = 0
Number of asset objects unloaded after import = 3
========================================================================
Received Import Request.
  Time since last request: 0.040084 seconds.
  path: Assets/Material/Tiles/tileset-sliced_23.asset
  artifactKey: Guid(1fc5586a549286f4f9a21a1b91886d80) Importer(815301076,1909f56bfc062723c751e8b465ee728b)
Start importing Assets/Material/Tiles/tileset-sliced_23.asset using Guid(1fc5586a549286f4f9a21a1b91886d80) Importer(815301076,1909f56bfc062723c751e8b465ee728b)  -> (artifact id: 'd9117941b8010c9d0094633527f8a316') in 0.009053 seconds
Number of updated asset objects reloaded before import = 0
Number of asset objects unloaded after import = 3
========================================================================
Received Import Request.
  Time since last request: 0.355978 seconds.
  path: Assets/Material/Tiles/tileset-sliced_27.asset
  artifactKey: Guid(da77bca1d915ba841b250b6b4db2ee12) Importer(815301076,1909f56bfc062723c751e8b465ee728b)
Start importing Assets/Material/Tiles/tileset-sliced_27.asset using Guid(da77bca1d915ba841b250b6b4db2ee12) Importer(815301076,1909f56bfc062723c751e8b465ee728b)  -> (artifact id: 'a936d814437a1cb63010ef901e802a1d') in 0.004963 seconds
Number of updated asset objects reloaded before import = 0
Number of asset objects unloaded after import = 3
========================================================================
Received Import Request.
  Time since last request: 0.000024 seconds.
  path: Assets/Material/Tiles/tileset-sliced_30.asset
  artifactKey: Guid(1444c2692846e25419dbb990361307bb) Importer(815301076,1909f56bfc062723c751e8b465ee728b)
Start importing Assets/Material/Tiles/tileset-sliced_30.asset using Guid(1444c2692846e25419dbb990361307bb) Importer(815301076,1909f56bfc062723c751e8b465ee728b)  -> (artifact id: '0735c21f8243978893effe030c74966d') in 0.009196 seconds
Number of updated asset objects reloaded before import = 0
Number of asset objects unloaded after import = 3
========================================================================
Received Import Request.
  Time since last request: 0.011815 seconds.
  path: Assets/Material/Tiles/tileset-sliced_31.asset
  artifactKey: Guid(c74600b0406864f4f8a1029b999a6d52) Importer(815301076,1909f56bfc062723c751e8b465ee728b)
Start importing Assets/Material/Tiles/tileset-sliced_31.asset using Guid(c74600b0406864f4f8a1029b999a6d52) Importer(815301076,1909f56bfc062723c751e8b465ee728b)  -> (artifact id: '15278edc7eace54aef4222fca9719b2f') in 0.009401 seconds
Number of updated asset objects reloaded before import = 0
Number of asset objects unloaded after import = 3
========================================================================
Received Import Request.
  Time since last request: 0.027405 seconds.
  path: Assets/Material/Tiles/tileset-sliced_35.asset
  artifactKey: Guid(3f8599d8e46d70348b3c6d0a388b9082) Importer(815301076,1909f56bfc062723c751e8b465ee728b)
Start importing Assets/Material/Tiles/tileset-sliced_35.asset using Guid(3f8599d8e46d70348b3c6d0a388b9082) Importer(815301076,1909f56bfc062723c751e8b465ee728b)  -> (artifact id: 'dae08b30430d5f001c435f9690365a70') in 0.011086 seconds
Number of updated asset objects reloaded before import = 0
Number of asset objects unloaded after import = 3
========================================================================
Received Import Request.
  Time since last request: 0.308380 seconds.
  path: Assets/Material/Tiles/tileset-sliced_39.asset
  artifactKey: Guid(3eb1cb2393f3be9429f2e396e3ea8e1d) Importer(815301076,1909f56bfc062723c751e8b465ee728b)
Start importing Assets/Material/Tiles/tileset-sliced_39.asset using Guid(3eb1cb2393f3be9429f2e396e3ea8e1d) Importer(815301076,1909f56bfc062723c751e8b465ee728b)  -> (artifact id: '6bb2e4e15b85be69ef295c991b94384e') in 0.004553 seconds
Number of updated asset objects reloaded before import = 0
Number of asset objects unloaded after import = 3
========================================================================
Received Import Request.
  Time since last request: 0.000015 seconds.
  path: Assets/Material/Tiles/tileset-sliced_42.asset
  artifactKey: Guid(c7f4024dc83cb514d9791c47b4f8b2f5) Importer(815301076,1909f56bfc062723c751e8b465ee728b)
Start importing Assets/Material/Tiles/tileset-sliced_42.asset using Guid(c7f4024dc83cb514d9791c47b4f8b2f5) Importer(815301076,1909f56bfc062723c751e8b465ee728b)  -> (artifact id: '30f70f4d3c0a3b2d2175984ccda7ddca') in 0.005254 seconds
Number of updated asset objects reloaded before import = 0
Number of asset objects unloaded after import = 3
========================================================================
Received Import Request.
  Time since last request: 0.003301 seconds.
  path: Assets/Material/Tiles/tileset-sliced_43.asset
  artifactKey: Guid(490d8048dff2e7241bae4d56ae11114d) Importer(815301076,1909f56bfc062723c751e8b465ee728b)
Start importing Assets/Material/Tiles/tileset-sliced_43.asset using Guid(490d8048dff2e7241bae4d56ae11114d) Importer(815301076,1909f56bfc062723c751e8b465ee728b)  -> (artifact id: '9d0ff6db371eeab1bb2b37a91c8de6fc') in 0.004804 seconds
Number of updated asset objects reloaded before import = 0
Number of asset objects unloaded after import = 3
========================================================================
Received Import Request.
  Time since last request: 0.000015 seconds.
  path: Assets/Material/Tiles/tileset-sliced_46.asset
  artifactKey: Guid(da7d8067bf1788944b7a2ffdba2536ac) Importer(815301076,1909f56bfc062723c751e8b465ee728b)
Start importing Assets/Material/Tiles/tileset-sliced_46.asset using Guid(da7d8067bf1788944b7a2ffdba2536ac) Importer(815301076,1909f56bfc062723c751e8b465ee728b)  -> (artifact id: 'b80b914c6aceaab2960f8c2bede7ddfe') in 0.004926 seconds
Number of updated asset objects reloaded before import = 0
Number of asset objects unloaded after import = 3
========================================================================
Received Import Request.
  Time since last request: 0.023960 seconds.
  path: Assets/Material/Tiles/tileset-sliced_47.asset
  artifactKey: Guid(8a70223f03fc58f4492f2dd89b7952e6) Importer(815301076,1909f56bfc062723c751e8b465ee728b)
Start importing Assets/Material/Tiles/tileset-sliced_47.asset using Guid(8a70223f03fc58f4492f2dd89b7952e6) Importer(815301076,1909f56bfc062723c751e8b465ee728b)  -> (artifact id: '8eedb0647e438c22df4b0dff585a1613') in 0.004701 seconds
Number of updated asset objects reloaded before import = 0
Number of asset objects unloaded after import = 3
========================================================================
Received Import Request.
  Time since last request: 0.000014 seconds.
  path: Assets/Material/Tiles/tileset-sliced_50.asset
  artifactKey: Guid(3b0599147f10e4c479f096e83835cae0) Importer(815301076,1909f56bfc062723c751e8b465ee728b)
Start importing Assets/Material/Tiles/tileset-sliced_50.asset using Guid(3b0599147f10e4c479f096e83835cae0) Importer(815301076,1909f56bfc062723c751e8b465ee728b)  -> (artifact id: 'd07963e77d9c253f72d1ca4ea49f5dad') in 0.003834 seconds
Number of updated asset objects reloaded before import = 0
Number of asset objects unloaded after import = 3
========================================================================
Received Import Request.
  Time since last request: 0.010253 seconds.
  path: Assets/Material/Tiles/tileset-sliced_51.asset
  artifactKey: Guid(ff7bc38795b7562478aed5df6dd36463) Importer(815301076,1909f56bfc062723c751e8b465ee728b)
Start importing Assets/Material/Tiles/tileset-sliced_51.asset using Guid(ff7bc38795b7562478aed5df6dd36463) Importer(815301076,1909f56bfc062723c751e8b465ee728b)  -> (artifact id: '01d44dca5adfdc07f8113fdae6d106e0') in 0.004447 seconds
Number of updated asset objects reloaded before import = 0
Number of asset objects unloaded after import = 3
========================================================================
Received Import Request.
  Time since last request: 0.000023 seconds.
  path: Assets/Material/Tiles/tileset-sliced_54.asset
  artifactKey: Guid(56eb5095dfcab834e8276fd2301c9076) Importer(815301076,1909f56bfc062723c751e8b465ee728b)
Start importing Assets/Material/Tiles/tileset-sliced_54.asset using Guid(56eb5095dfcab834e8276fd2301c9076) Importer(815301076,1909f56bfc062723c751e8b465ee728b)  -> (artifact id: 'c8eb6ab033456d81de4b96588a5a40ef') in 0.004635 seconds
Number of updated asset objects reloaded before import = 0
Number of asset objects unloaded after import = 3
========================================================================
Received Import Request.
  Time since last request: 0.472454 seconds.
  path: Assets/Material/Tiles/tileset-sliced_55.asset
  artifactKey: Guid(7f4dcb0b4e04ed841a802b90f4f42a5d) Importer(815301076,1909f56bfc062723c751e8b465ee728b)
Start importing Assets/Material/Tiles/tileset-sliced_55.asset using Guid(7f4dcb0b4e04ed841a802b90f4f42a5d) Importer(815301076,1909f56bfc062723c751e8b465ee728b)  -> (artifact id: 'c93b1fd82b7c16e04289b94dd6a75e86') in 0.005162 seconds
Number of updated asset objects reloaded before import = 0
Number of asset objects unloaded after import = 3
========================================================================
Received Import Request.
  Time since last request: 0.000014 seconds.
  path: Assets/Material/Tiles/tileset-sliced_58.asset
  artifactKey: Guid(3b390be0871580a4182b6da04bf4395e) Importer(815301076,1909f56bfc062723c751e8b465ee728b)
Start importing Assets/Material/Tiles/tileset-sliced_58.asset using Guid(3b390be0871580a4182b6da04bf4395e) Importer(815301076,1909f56bfc062723c751e8b465ee728b)  -> (artifact id: '73e313b4978fdc3088c4e8b1a2cff397') in 0.004025 seconds
Number of updated asset objects reloaded before import = 0
Number of asset objects unloaded after import = 3
========================================================================
Received Import Request.
  Time since last request: 0.017799 seconds.
  path: Assets/Material/Tiles/tileset-sliced_59.asset
  artifactKey: Guid(cf7d404561bdfd340ba7a4fef045b34b) Importer(815301076,1909f56bfc062723c751e8b465ee728b)
Start importing Assets/Material/Tiles/tileset-sliced_59.asset using Guid(cf7d404561bdfd340ba7a4fef045b34b) Importer(815301076,1909f56bfc062723c751e8b465ee728b)  -> (artifact id: '33296894e9cbd34ef55d991879fc830f') in 0.010371 seconds
Number of updated asset objects reloaded before import = 0
Number of asset objects unloaded after import = 3
========================================================================
Received Import Request.
  Time since last request: 0.003573 seconds.
  path: Assets/Material/Tiles/tileset-sliced_63.asset
  artifactKey: Guid(41f4706a962439f4aad2968879b23ccd) Importer(815301076,1909f56bfc062723c751e8b465ee728b)
Start importing Assets/Material/Tiles/tileset-sliced_63.asset using Guid(41f4706a962439f4aad2968879b23ccd) Importer(815301076,1909f56bfc062723c751e8b465ee728b)  -> (artifact id: 'a48df37110d402a44f63f304888ed8bc') in 0.005007 seconds
Number of updated asset objects reloaded before import = 0
Number of asset objects unloaded after import = 3
========================================================================
Received Import Request.
  Time since last request: 0.000018 seconds.
  path: Assets/Material/Tiles/tileset-sliced_66.asset
  artifactKey: Guid(5e5bc6b8c6b81d44189334f747ab1a53) Importer(815301076,1909f56bfc062723c751e8b465ee728b)
Start importing Assets/Material/Tiles/tileset-sliced_66.asset using Guid(5e5bc6b8c6b81d44189334f747ab1a53) Importer(815301076,1909f56bfc062723c751e8b465ee728b)  -> (artifact id: '8016237c27674eca620d711821d8c0c6') in 0.004871 seconds
Number of updated asset objects reloaded before import = 0
Number of asset objects unloaded after import = 3
========================================================================
Received Import Request.
  Time since last request: 0.264579 seconds.
  path: Assets/Material/Tiles/tileset-sliced_67.asset
  artifactKey: Guid(c84d7ca47b0f5dc4e80b5ad55e4e0f2e) Importer(815301076,1909f56bfc062723c751e8b465ee728b)
Start importing Assets/Material/Tiles/tileset-sliced_67.asset using Guid(c84d7ca47b0f5dc4e80b5ad55e4e0f2e) Importer(815301076,1909f56bfc062723c751e8b465ee728b)  -> (artifact id: 'a25f032833d9be1402a7879368f57efa') in 0.005626 seconds
Number of updated asset objects reloaded before import = 0
Number of asset objects unloaded after import = 3
========================================================================
Received Import Request.
  Time since last request: 0.000016 seconds.
  path: Assets/Material/Tiles/tileset-sliced_70.asset
  artifactKey: Guid(80e37e35b5898414ba8a63d977a0cf65) Importer(815301076,1909f56bfc062723c751e8b465ee728b)
Start importing Assets/Material/Tiles/tileset-sliced_70.asset using Guid(80e37e35b5898414ba8a63d977a0cf65) Importer(815301076,1909f56bfc062723c751e8b465ee728b)  -> (artifact id: '5fbf14fe1ea206f011b56b6e3b811529') in 0.004763 seconds
Number of updated asset objects reloaded before import = 0
Number of asset objects unloaded after import = 3
========================================================================
Received Import Request.
  Time since last request: 0.002868 seconds.
  path: Assets/Material/Tiles/tileset-sliced_71.asset
  artifactKey: Guid(141818b0063e371489fa3e5eb8ac0266) Importer(815301076,1909f56bfc062723c751e8b465ee728b)
Start importing Assets/Material/Tiles/tileset-sliced_71.asset using Guid(141818b0063e371489fa3e5eb8ac0266) Importer(815301076,1909f56bfc062723c751e8b465ee728b)  -> (artifact id: '24abbbaf49a4ce73c29556f5554fcad1') in 0.005900 seconds
Number of updated asset objects reloaded before import = 0
Number of asset objects unloaded after import = 3
========================================================================
Received Import Request.
  Time since last request: 0.028930 seconds.
  path: Assets/Material/Tiles/tileset-sliced_75.asset
  artifactKey: Guid(f373e68c5e1f3bb4d898202a9d6ec512) Importer(815301076,1909f56bfc062723c751e8b465ee728b)
Start importing Assets/Material/Tiles/tileset-sliced_75.asset using Guid(f373e68c5e1f3bb4d898202a9d6ec512) Importer(815301076,1909f56bfc062723c751e8b465ee728b)  -> (artifact id: 'b884d0dafb02f2b6362ed91cafaa93b4') in 0.005590 seconds
Number of updated asset objects reloaded before import = 0
Number of asset objects unloaded after import = 3
========================================================================
Received Import Request.
  Time since last request: 0.000023 seconds.
  path: Assets/Material/Tiles/tileset-sliced_80.asset
  artifactKey: Guid(6cb070286a6a32945b8a2647328989d5) Importer(815301076,1909f56bfc062723c751e8b465ee728b)
Start importing Assets/Material/Tiles/tileset-sliced_80.asset using Guid(6cb070286a6a32945b8a2647328989d5) Importer(815301076,1909f56bfc062723c751e8b465ee728b)  -> (artifact id: '92926c9b5615e0024dc36eb0615244fa') in 0.009975 seconds
Number of updated asset objects reloaded before import = 0
Number of asset objects unloaded after import = 3
========================================================================
Received Import Request.
  Time since last request: 0.268670 seconds.
  path: Assets/Material/Tiles/tileset-sliced_83.asset
  artifactKey: Guid(e8be04020fbda04479330fbab78cc266) Importer(815301076,1909f56bfc062723c751e8b465ee728b)
Start importing Assets/Material/Tiles/tileset-sliced_83.asset using Guid(e8be04020fbda04479330fbab78cc266) Importer(815301076,1909f56bfc062723c751e8b465ee728b)  -> (artifact id: '5c67a7aeb98ee9bacba9baf699c52af2') in 0.010427 seconds
Number of updated asset objects reloaded before import = 0
Number of asset objects unloaded after import = 3
========================================================================
Received Import Request.
  Time since last request: 0.028032 seconds.
  path: Assets/Material/Tiles/tileset-sliced_87.asset
  artifactKey: Guid(cf10a25cd3d1d8a469d37217078be3c2) Importer(815301076,1909f56bfc062723c751e8b465ee728b)
Start importing Assets/Material/Tiles/tileset-sliced_87.asset using Guid(cf10a25cd3d1d8a469d37217078be3c2) Importer(815301076,1909f56bfc062723c751e8b465ee728b)  -> (artifact id: 'eeffd725a8c7f03524b034b45cca80e5') in 0.004936 seconds
Number of updated asset objects reloaded before import = 0
Number of asset objects unloaded after import = 3
========================================================================
Received Import Request.
  Time since last request: 0.000015 seconds.
  path: Assets/Material/Tiles/tileset-sliced_90.asset
  artifactKey: Guid(dd28e12e78e59e14fa5a71af8b7e5c49) Importer(815301076,1909f56bfc062723c751e8b465ee728b)
Start importing Assets/Material/Tiles/tileset-sliced_90.asset using Guid(dd28e12e78e59e14fa5a71af8b7e5c49) Importer(815301076,1909f56bfc062723c751e8b465ee728b)  -> (artifact id: 'ebeb44d9a0b8512f0095d6e8596ffef2') in 0.004449 seconds
Number of updated asset objects reloaded before import = 0
Number of asset objects unloaded after import = 3
========================================================================
Received Import Request.
  Time since last request: 0.000020 seconds.
  path: Assets/Material/Tiles/tileset-sliced_92.asset
  artifactKey: Guid(3cfe205ae629bc149bcaa1dc794e6b2a) Importer(815301076,1909f56bfc062723c751e8b465ee728b)
Start importing Assets/Material/Tiles/tileset-sliced_92.asset using Guid(3cfe205ae629bc149bcaa1dc794e6b2a) Importer(815301076,1909f56bfc062723c751e8b465ee728b)  -> (artifact id: '1573bb1bd91532d6d8d555af13a42c77') in 0.005638 seconds
Number of updated asset objects reloaded before import = 0
Number of asset objects unloaded after import = 3
========================================================================
Received Import Request.
  Time since last request: 923.635865 seconds.
  path: Assets/Scenes/Nivel2.unity
  artifactKey: Guid(84ae1abe31cabec46b4cd17f8627805b) Importer(815301076,1909f56bfc062723c751e8b465ee728b)
Start importing Assets/Scenes/Nivel2.unity using Guid(84ae1abe31cabec46b4cd17f8627805b) Importer(815301076,1909f56bfc062723c751e8b465ee728b)  -> (artifact id: '2e391076f0606b626da2a98809b15c0c') in 0.000860 seconds
Number of updated asset objects reloaded before import = 0
Number of asset objects unloaded after import = 0
========================================================================
Received Import Request.
  Time since last request: 14.573636 seconds.
  path: Assets/Scenes/Nivel1.unity
  artifactKey: Guid(2cda990e2423bbf4892e6590ba056729) Importer(815301076,1909f56bfc062723c751e8b465ee728b)
Start importing Assets/Scenes/Nivel1.unity using Guid(2cda990e2423bbf4892e6590ba056729) Importer(815301076,1909f56bfc062723c751e8b465ee728b)  -> (artifact id: '5dd40be24130bf9cffd7ca2aead2bf33') in 0.000418 seconds
Number of updated asset objects reloaded before import = 0
Number of asset objects unloaded after import = 0
========================================================================
Received Import Request.
  Time since last request: 6538.774288 seconds.
  path: Assets/Material/Tiles/tileset_0.asset
  artifactKey: Guid(0016c04c19cda254cad4671c7606d7bc) Importer(815301076,1909f56bfc062723c751e8b465ee728b)
Start importing Assets/Material/Tiles/tileset_0.asset using Guid(0016c04c19cda254cad4671c7606d7bc) Importer(815301076,1909f56bfc062723c751e8b465ee728b)  -> (artifact id: 'f56f82b0a6b10d6b9f97888525f8aacf') in 0.023644 seconds
Number of updated asset objects reloaded before import = 0
Number of asset objects unloaded after import = 3
========================================================================
Received Import Request.
  Time since last request: 0.017303 seconds.
  path: Assets/Material/Tiles/tileset_1.asset
  artifactKey: Guid(d623e3683970e6c45b22388abd0c1858) Importer(815301076,1909f56bfc062723c751e8b465ee728b)
Start importing Assets/Material/Tiles/tileset_1.asset using Guid(d623e3683970e6c45b22388abd0c1858) Importer(815301076,1909f56bfc062723c751e8b465ee728b)  -> (artifact id: '68d375647b7f6f49484b1c81325681ea') in 0.018155 seconds
Number of updated asset objects reloaded before import = 0
Number of asset objects unloaded after import = 3
========================================================================
Received Import Request.
  Time since last request: 0.000015 seconds.
  path: Assets/Material/Tiles/tileset_2 1.asset
  artifactKey: Guid(32cfcb506c94b2942a0fe4df2003a2d6) Importer(815301076,1909f56bfc062723c751e8b465ee728b)
Start importing Assets/Material/Tiles/tileset_2 1.asset using Guid(32cfcb506c94b2942a0fe4df2003a2d6) Importer(815301076,1909f56bfc062723c751e8b465ee728b)  -> (artifact id: 'a5837cbadb9a7fc59fd3035b17228496') in 0.015407 seconds
Number of updated asset objects reloaded before import = 0
Number of asset objects unloaded after import = 3
========================================================================
Received Import Request.
  Time since last request: 0.000229 seconds.
  path: Assets/Material/Tiles/tileset_3 1.asset
  artifactKey: Guid(0e298883c2fea2d4fb2e7128eeacc419) Importer(815301076,1909f56bfc062723c751e8b465ee728b)
Start importing Assets/Material/Tiles/tileset_3 1.asset using Guid(0e298883c2fea2d4fb2e7128eeacc419) Importer(815301076,1909f56bfc062723c751e8b465ee728b)  -> (artifact id: 'b698e8cb050b5b5d0ebbc3e1807e9e50') in 0.010926 seconds
Number of updated asset objects reloaded before import = 0
Number of asset objects unloaded after import = 3
========================================================================
Received Import Request.
  Time since last request: 0.000019 seconds.
  path: Assets/Material/Tiles/tileset_4 1.asset
  artifactKey: Guid(4a4d1dffd9f6ec342a5cd3bf39fdbdfb) Importer(815301076,1909f56bfc062723c751e8b465ee728b)
Start importing Assets/Material/Tiles/tileset_4 1.asset using Guid(4a4d1dffd9f6ec342a5cd3bf39fdbdfb) Importer(815301076,1909f56bfc062723c751e8b465ee728b)  -> (artifact id: '492a3d4b5577ab71f206138c2e4c46e2') in 0.010828 seconds
Number of updated asset objects reloaded before import = 0
Number of asset objects unloaded after import = 3
========================================================================
Received Import Request.
  Time since last request: 0.250988 seconds.
  path: Assets/Material/Tiles/tileset_5.asset
  artifactKey: Guid(e33577ace32176c4ab3825d6aabeda98) Importer(815301076,1909f56bfc062723c751e8b465ee728b)
Start importing Assets/Material/Tiles/tileset_5.asset using Guid(e33577ace32176c4ab3825d6aabeda98) Importer(815301076,1909f56bfc062723c751e8b465ee728b)  -> (artifact id: '2b432cbfd36be177ed730a7f49e028c2') in 0.010765 seconds
Number of updated asset objects reloaded before import = 0
Number of asset objects unloaded after import = 3
========================================================================
Received Import Request.
  Time since last request: 0.000014 seconds.
  path: Assets/Material/Tiles/tileset_6.asset
  artifactKey: Guid(d9d1e3e9627676c40b129b7ac65d353f) Importer(815301076,1909f56bfc062723c751e8b465ee728b)
Start importing Assets/Material/Tiles/tileset_6.asset using Guid(d9d1e3e9627676c40b129b7ac65d353f) Importer(815301076,1909f56bfc062723c751e8b465ee728b)  -> (artifact id: 'ee10b2989668d62dd15a7046891b9694') in 0.004945 seconds
Number of updated asset objects reloaded before import = 0
Number of asset objects unloaded after import = 3
========================================================================
Received Import Request.
  Time since last request: 0.055291 seconds.
  path: Assets/Material/Tiles/tileset_7.asset
  artifactKey: Guid(41217e683066adc4a8dbafeafb0fa51f) Importer(815301076,1909f56bfc062723c751e8b465ee728b)
Start importing Assets/Material/Tiles/tileset_7.asset using Guid(41217e683066adc4a8dbafeafb0fa51f) Importer(815301076,1909f56bfc062723c751e8b465ee728b)  -> (artifact id: '4705129ecac57c5ffe321f82707719e4') in 0.011770 seconds
Number of updated asset objects reloaded before import = 0
Number of asset objects unloaded after import = 3
========================================================================
Received Import Request.
  Time since last request: 0.000014 seconds.
  path: Assets/Material/Tiles/tileset_8 1.asset
  artifactKey: Guid(3ed223526890b1d46ae8b835e10730da) Importer(815301076,1909f56bfc062723c751e8b465ee728b)
Start importing Assets/Material/Tiles/tileset_8 1.asset using Guid(3ed223526890b1d46ae8b835e10730da) Importer(815301076,1909f56bfc062723c751e8b465ee728b)  -> (artifact id: 'a644d04f5ec059ecf6f9a17890de204d') in 0.009630 seconds
Number of updated asset objects reloaded before import = 0
Number of asset objects unloaded after import = 3
========================================================================
Received Import Request.
  Time since last request: 0.004964 seconds.
  path: Assets/Material/Tiles/tileset_9.asset
  artifactKey: Guid(578c75e0c5c4b164fae5deb4414329b1) Importer(815301076,1909f56bfc062723c751e8b465ee728b)
Start importing Assets/Material/Tiles/tileset_9.asset using Guid(578c75e0c5c4b164fae5deb4414329b1) Importer(815301076,1909f56bfc062723c751e8b465ee728b)  -> (artifact id: '2e1b93c17dd54beb1269861bda383d87') in 0.009732 seconds
Number of updated asset objects reloaded before import = 0
Number of asset objects unloaded after import = 3
========================================================================
Received Import Request.
  Time since last request: 0.000023 seconds.
  path: Assets/Material/Tiles/tileset_10 1.asset
  artifactKey: Guid(148095516f068e94cbdf48a3994309ce) Importer(815301076,1909f56bfc062723c751e8b465ee728b)
Start importing Assets/Material/Tiles/tileset_10 1.asset using Guid(148095516f068e94cbdf48a3994309ce) Importer(815301076,1909f56bfc062723c751e8b465ee728b)  -> (artifact id: '649cc5b9a538210ddbb4cd4552a08b61') in 0.009807 seconds
Number of updated asset objects reloaded before import = 0
Number of asset objects unloaded after import = 3
========================================================================
Received Import Request.
  Time since last request: 0.036242 seconds.
  path: Assets/Material/Tiles/tileset_11.asset
  artifactKey: Guid(e577cb935fba05e4aabafd744dd23c3c) Importer(815301076,1909f56bfc062723c751e8b465ee728b)
Start importing Assets/Material/Tiles/tileset_11.asset using Guid(e577cb935fba05e4aabafd744dd23c3c) Importer(815301076,1909f56bfc062723c751e8b465ee728b)  -> (artifact id: 'f08bff9f537d5e1b1ef408e2e19dad66') in 0.009433 seconds
Number of updated asset objects reloaded before import = 0
Number of asset objects unloaded after import = 3
========================================================================
Received Import Request.
  Time since last request: 0.000015 seconds.
  path: Assets/Material/Tiles/tileset_12 1.asset
  artifactKey: Guid(5ce73f8f99f29054fadf002f4c18b975) Importer(815301076,1909f56bfc062723c751e8b465ee728b)
Start importing Assets/Material/Tiles/tileset_12 1.asset using Guid(5ce73f8f99f29054fadf002f4c18b975) Importer(815301076,1909f56bfc062723c751e8b465ee728b)  -> (artifact id: '8495b4f902112be7ddec9f4adc18fc0b') in 0.010957 seconds
Number of updated asset objects reloaded before import = 0
Number of asset objects unloaded after import = 3
========================================================================
Received Import Request.
  Time since last request: 0.399580 seconds.
  path: Assets/Material/Tiles/tileset_13.asset
  artifactKey: Guid(0af7f1354d7fa53408ba3e094e7b7ec7) Importer(815301076,1909f56bfc062723c751e8b465ee728b)
Start importing Assets/Material/Tiles/tileset_13.asset using Guid(0af7f1354d7fa53408ba3e094e7b7ec7) Importer(815301076,1909f56bfc062723c751e8b465ee728b)  -> (artifact id: '857506492b08d8a047612a7623aa6ce5') in 0.009313 seconds
Number of updated asset objects reloaded before import = 0
Number of asset objects unloaded after import = 3
========================================================================
Received Import Request.
  Time since last request: 0.000014 seconds.
  path: Assets/Material/Tiles/tileset_14.asset
  artifactKey: Guid(e3421e8fb40ce2c4f87aedf1ea675f6d) Importer(815301076,1909f56bfc062723c751e8b465ee728b)
Start importing Assets/Material/Tiles/tileset_14.asset using Guid(e3421e8fb40ce2c4f87aedf1ea675f6d) Importer(815301076,1909f56bfc062723c751e8b465ee728b)  -> (artifact id: '1e675aac56882415c78bc019ca798ecc') in 0.008675 seconds
Number of updated asset objects reloaded before import = 0
Number of asset objects unloaded after import = 3
========================================================================
Received Import Request.
  Time since last request: 0.008032 seconds.
  path: Assets/Material/Tiles/tileset_15.asset
  artifactKey: Guid(de8b1f483f9a37243a3fab93d284611f) Importer(815301076,1909f56bfc062723c751e8b465ee728b)
Start importing Assets/Material/Tiles/tileset_15.asset using Guid(de8b1f483f9a37243a3fab93d284611f) Importer(815301076,1909f56bfc062723c751e8b465ee728b)  -> (artifact id: '437ca01db920921145c977467ebf4319') in 0.009575 seconds
Number of updated asset objects reloaded before import = 0
Number of asset objects unloaded after import = 3
========================================================================
Received Import Request.
  Time since last request: 0.000021 seconds.
  path: Assets/Material/Tiles/tileset_16 1.asset
  artifactKey: Guid(3f50ff0c91ce55442bb5ed07893d8abe) Importer(815301076,1909f56bfc062723c751e8b465ee728b)
Start importing Assets/Material/Tiles/tileset_16 1.asset using Guid(3f50ff0c91ce55442bb5ed07893d8abe) Importer(815301076,1909f56bfc062723c751e8b465ee728b)  -> (artifact id: '5c9deeb42eee0a0d530f0c048a5efbd1') in 0.009488 seconds
Number of updated asset objects reloaded before import = 0
Number of asset objects unloaded after import = 3
========================================================================
Received Import Request.
  Time since last request: 0.025896 seconds.
  path: Assets/Material/Tiles/tileset_17.asset
  artifactKey: Guid(2f49ee05dda1f584eb29f22bd8e2a85e) Importer(815301076,1909f56bfc062723c751e8b465ee728b)
Start importing Assets/Material/Tiles/tileset_17.asset using Guid(2f49ee05dda1f584eb29f22bd8e2a85e) Importer(815301076,1909f56bfc062723c751e8b465ee728b)  -> (artifact id: '8ea94a8af4992488376c012455ade69c') in 0.009807 seconds
Number of updated asset objects reloaded before import = 0
Number of asset objects unloaded after import = 3
========================================================================
Received Import Request.
  Time since last request: 0.000013 seconds.
  path: Assets/Material/Tiles/tileset_18 1.asset
  artifactKey: Guid(d3488e23631dc114ea23d06a62f12984) Importer(815301076,1909f56bfc062723c751e8b465ee728b)
Start importing Assets/Material/Tiles/tileset_18 1.asset using Guid(d3488e23631dc114ea23d06a62f12984) Importer(815301076,1909f56bfc062723c751e8b465ee728b)  -> (artifact id: 'e713dff8d119b13f10007d3fc9bb00f5') in 0.010043 seconds
Number of updated asset objects reloaded before import = 0
Number of asset objects unloaded after import = 3
========================================================================
Received Import Request.
  Time since last request: 0.019139 seconds.
  path: Assets/Material/Tiles/tileset_19.asset
  artifactKey: Guid(66470741cc2ac3443aa0195288cb5e91) Importer(815301076,1909f56bfc062723c751e8b465ee728b)
Start importing Assets/Material/Tiles/tileset_19.asset using Guid(66470741cc2ac3443aa0195288cb5e91) Importer(815301076,1909f56bfc062723c751e8b465ee728b)  -> (artifact id: '2e6e85323b29d08524ab781683abe864') in 0.011462 seconds
Number of updated asset objects reloaded before import = 0
Number of asset objects unloaded after import = 3
========================================================================
Received Import Request.
  Time since last request: 0.000014 seconds.
  path: Assets/Material/Tiles/tileset_20 1.asset
  artifactKey: Guid(0501103bd620b3241941ab0662afbb85) Importer(815301076,1909f56bfc062723c751e8b465ee728b)
Start importing Assets/Material/Tiles/tileset_20 1.asset using Guid(0501103bd620b3241941ab0662afbb85) Importer(815301076,1909f56bfc062723c751e8b465ee728b)  -> (artifact id: 'cdfe1067d8c0f40e20e67b98f849ed3f') in 0.009078 seconds
Number of updated asset objects reloaded before import = 0
Number of asset objects unloaded after import = 3
========================================================================
Received Import Request.
  Time since last request: 0.512485 seconds.
  path: Assets/Material/Tiles/tileset_21.asset
  artifactKey: Guid(27c6da03d08e820409438279ec9c11e2) Importer(815301076,1909f56bfc062723c751e8b465ee728b)
Start importing Assets/Material/Tiles/tileset_21.asset using Guid(27c6da03d08e820409438279ec9c11e2) Importer(815301076,1909f56bfc062723c751e8b465ee728b)  -> (artifact id: 'a08bb97eeea7bcf6f68ec4aae76a366d') in 0.012702 seconds
Number of updated asset objects reloaded before import = 0
Number of asset objects unloaded after import = 3
========================================================================
Received Import Request.
  Time since last request: 0.000023 seconds.
  path: Assets/Material/Tiles/tileset_22 1.asset
  artifactKey: Guid(a82870d304579684382908583054d140) Importer(815301076,1909f56bfc062723c751e8b465ee728b)
Start importing Assets/Material/Tiles/tileset_22 1.asset using Guid(a82870d304579684382908583054d140) Importer(815301076,1909f56bfc062723c751e8b465ee728b)  -> (artifact id: '8ba1a700266203934be3c896f0a30b1e') in 0.009093 seconds
Number of updated asset objects reloaded before import = 0
Number of asset objects unloaded after import = 3
========================================================================
Received Import Request.
  Time since last request: 0.030036 seconds.
  path: Assets/Material/Tiles/tileset_23.asset
  artifactKey: Guid(33267d9049aba814ca16ad1cdf77fc62) Importer(815301076,1909f56bfc062723c751e8b465ee728b)
Start importing Assets/Material/Tiles/tileset_23.asset using Guid(33267d9049aba814ca16ad1cdf77fc62) Importer(815301076,1909f56bfc062723c751e8b465ee728b)  -> (artifact id: '535774c23625aae3081ed9a62d1d08b3') in 0.010929 seconds
Number of updated asset objects reloaded before import = 0
Number of asset objects unloaded after import = 3
========================================================================
Received Import Request.
  Time since last request: 0.000023 seconds.
  path: Assets/Material/Tiles/tileset_24 1.asset
  artifactKey: Guid(fa00e30fdbd02934f95c58f951464d9c) Importer(815301076,1909f56bfc062723c751e8b465ee728b)
Start importing Assets/Material/Tiles/tileset_24 1.asset using Guid(fa00e30fdbd02934f95c58f951464d9c) Importer(815301076,1909f56bfc062723c751e8b465ee728b)  -> (artifact id: 'c045ed943c9edd900872e4387c83d16a') in 0.009631 seconds
Number of updated asset objects reloaded before import = 0
Number of asset objects unloaded after import = 3
========================================================================
Received Import Request.
  Time since last request: 0.008366 seconds.
  path: Assets/Material/Tiles/tileset_25.asset
  artifactKey: Guid(5c97b34efe9ac1d45995f063a6bfa992) Importer(815301076,1909f56bfc062723c751e8b465ee728b)
Start importing Assets/Material/Tiles/tileset_25.asset using Guid(5c97b34efe9ac1d45995f063a6bfa992) Importer(815301076,1909f56bfc062723c751e8b465ee728b)  -> (artifact id: '5c31627fa4664278df42fb974cd4ca52') in 0.011501 seconds
Number of updated asset objects reloaded before import = 0
Number of asset objects unloaded after import = 3
========================================================================
Received Import Request.
  Time since last request: 0.000021 seconds.
  path: Assets/Material/Tiles/tileset_26.asset
  artifactKey: Guid(1dfb1bc4fb33d1e4c8599f86838f076c) Importer(815301076,1909f56bfc062723c751e8b465ee728b)
Start importing Assets/Material/Tiles/tileset_26.asset using Guid(1dfb1bc4fb33d1e4c8599f86838f076c) Importer(815301076,1909f56bfc062723c751e8b465ee728b)  -> (artifact id: '033849c0bd0a04612255ce21b9a5b88b') in 0.009688 seconds
Number of updated asset objects reloaded before import = 0
Number of asset objects unloaded after import = 3
========================================================================
Received Import Request.
  Time since last request: 0.036913 seconds.
  path: Assets/Material/Tiles/tileset_27.asset
  artifactKey: Guid(6f786e3e861b4454b87e007902f0a7e5) Importer(815301076,1909f56bfc062723c751e8b465ee728b)
Start importing Assets/Material/Tiles/tileset_27.asset using Guid(6f786e3e861b4454b87e007902f0a7e5) Importer(815301076,1909f56bfc062723c751e8b465ee728b)  -> (artifact id: 'af5739a0d4cd2991822dd3eea6611039') in 0.010167 seconds
Number of updated asset objects reloaded before import = 0
Number of asset objects unloaded after import = 3
========================================================================
Received Import Request.
  Time since last request: 0.000016 seconds.
  path: Assets/Material/Tiles/tileset_28 1.asset
  artifactKey: Guid(428f0ecc4119d2749a816a5d692c6944) Importer(815301076,1909f56bfc062723c751e8b465ee728b)
Start importing Assets/Material/Tiles/tileset_28 1.asset using Guid(428f0ecc4119d2749a816a5d692c6944) Importer(815301076,1909f56bfc062723c751e8b465ee728b)  -> (artifact id: 'fe8ec2b075515109ad671e82fceff016') in 0.009903 seconds
Number of updated asset objects reloaded before import = 0
Number of asset objects unloaded after import = 3
========================================================================
Received Import Request.
  Time since last request: 0.982949 seconds.
  path: Assets/Material/Tiles/tileset_29.asset
  artifactKey: Guid(ba12a0fe3e07dfc4683a9722b919b868) Importer(815301076,1909f56bfc062723c751e8b465ee728b)
Start importing Assets/Material/Tiles/tileset_29.asset using Guid(ba12a0fe3e07dfc4683a9722b919b868) Importer(815301076,1909f56bfc062723c751e8b465ee728b)  -> (artifact id: 'ff167fce3ce682e38af3e9221738d1af') in 0.010355 seconds
Number of updated asset objects reloaded before import = 0
Number of asset objects unloaded after import = 3
========================================================================
Received Import Request.
  Time since last request: 0.000014 seconds.
  path: Assets/Material/Tiles/tileset_30 1.asset
  artifactKey: Guid(6d2b6776519860c4bab670824892c992) Importer(815301076,1909f56bfc062723c751e8b465ee728b)
Start importing Assets/Material/Tiles/tileset_30 1.asset using Guid(6d2b6776519860c4bab670824892c992) Importer(815301076,1909f56bfc062723c751e8b465ee728b)  -> (artifact id: '8e967f81baae318adcaf7c1d080e4fe7') in 0.010644 seconds
Number of updated asset objects reloaded before import = 0
Number of asset objects unloaded after import = 3
========================================================================
Received Import Request.
  Time since last request: 0.306888 seconds.
  path: Assets/Material/Tiles/tileset_31.asset
  artifactKey: Guid(9f678ef42cd399748890b6cc1f0bc801) Importer(815301076,1909f56bfc062723c751e8b465ee728b)
Start importing Assets/Material/Tiles/tileset_31.asset using Guid(9f678ef42cd399748890b6cc1f0bc801) Importer(815301076,1909f56bfc062723c751e8b465ee728b)  -> (artifact id: '5e5704e010b76f36466e6f5591496c29') in 0.011566 seconds
Number of updated asset objects reloaded before import = 0
Number of asset objects unloaded after import = 3
========================================================================
Received Import Request.
  Time since last request: 0.000015 seconds.
  path: Assets/Material/Tiles/tileset_32.asset
  artifactKey: Guid(dc2c545cce785d04da30bf150fc45e5e) Importer(815301076,1909f56bfc062723c751e8b465ee728b)
Start importing Assets/Material/Tiles/tileset_32.asset using Guid(dc2c545cce785d04da30bf150fc45e5e) Importer(815301076,1909f56bfc062723c751e8b465ee728b)  -> (artifact id: '446a116cc6f036c323a4742bd9e462cc') in 0.010606 seconds
Number of updated asset objects reloaded before import = 0
Number of asset objects unloaded after import = 3
========================================================================
Received Import Request.
  Time since last request: 0.006503 seconds.
  path: Assets/Material/Tiles/tileset_33.asset
  artifactKey: Guid(d5d182636a7cc264cbcb3c92737877e7) Importer(815301076,1909f56bfc062723c751e8b465ee728b)
Start importing Assets/Material/Tiles/tileset_33.asset using Guid(d5d182636a7cc264cbcb3c92737877e7) Importer(815301076,1909f56bfc062723c751e8b465ee728b)  -> (artifact id: '882f883c879504a587a438f700e777f9') in 0.010961 seconds
Number of updated asset objects reloaded before import = 0
Number of asset objects unloaded after import = 3
========================================================================
Received Import Request.
  Time since last request: 0.000018 seconds.
  path: Assets/Material/Tiles/tileset_34.asset
  artifactKey: Guid(c325bf7365e4d9c49b82e2be401a5ccd) Importer(815301076,1909f56bfc062723c751e8b465ee728b)
Start importing Assets/Material/Tiles/tileset_34.asset using Guid(c325bf7365e4d9c49b82e2be401a5ccd) Importer(815301076,1909f56bfc062723c751e8b465ee728b)  -> (artifact id: '4ef24773b90a601c0c4f221919c0a109') in 0.011837 seconds
Number of updated asset objects reloaded before import = 0
Number of asset objects unloaded after import = 3
========================================================================
Received Import Request.
  Time since last request: 0.005023 seconds.
  path: Assets/Material/Tiles/tileset_36 1.asset
  artifactKey: Guid(5b86775076fd05e41b15bd375aecc4b1) Importer(815301076,1909f56bfc062723c751e8b465ee728b)
Start importing Assets/Material/Tiles/tileset_36 1.asset using Guid(5b86775076fd05e41b15bd375aecc4b1) Importer(815301076,1909f56bfc062723c751e8b465ee728b)  -> (artifact id: 'b54b48c4e71ca1251850fa887a6739e6') in 0.015181 seconds
Number of updated asset objects reloaded before import = 0
Number of asset objects unloaded after import = 3
========================================================================
Received Import Request.
  Time since last request: 0.000055 seconds.
  path: Assets/Material/Tiles/tileset_35 1.asset
  artifactKey: Guid(0ba494c4b48ca0247ae379565a32531c) Importer(815301076,1909f56bfc062723c751e8b465ee728b)
Start importing Assets/Material/Tiles/tileset_35 1.asset using Guid(0ba494c4b48ca0247ae379565a32531c) Importer(815301076,1909f56bfc062723c751e8b465ee728b)  -> (artifact id: 'e9c25a5902aca0f21fd1ea9ac7104f3e') in 0.011552 seconds
Number of updated asset objects reloaded before import = 0
Number of asset objects unloaded after import = 3
========================================================================
Received Import Request.
  Time since last request: 0.000016 seconds.
  path: Assets/Material/Tiles/tileset_38.asset
  artifactKey: Guid(1fecd3886094f144bb058b41dea4cafd) Importer(815301076,1909f56bfc062723c751e8b465ee728b)
Start importing Assets/Material/Tiles/tileset_38.asset using Guid(1fecd3886094f144bb058b41dea4cafd) Importer(815301076,1909f56bfc062723c751e8b465ee728b)  -> (artifact id: '133a9631efd8babb8a9fdf6841c3419b') in 0.010058 seconds
Number of updated asset objects reloaded before import = 0
Number of asset objects unloaded after import = 3
========================================================================
Received Import Request.
  Time since last request: 0.000019 seconds.
  path: Assets/Material/Tiles/tileset_37 1.asset
  artifactKey: Guid(2846c7ac05ca22c4ca2e452fd60a4a1c) Importer(815301076,1909f56bfc062723c751e8b465ee728b)
Start importing Assets/Material/Tiles/tileset_37 1.asset using Guid(2846c7ac05ca22c4ca2e452fd60a4a1c) Importer(815301076,1909f56bfc062723c751e8b465ee728b)  -> (artifact id: 'dc6877be1dce3d42c2d0881a9dbab593') in 0.009671 seconds
Number of updated asset objects reloaded before import = 0
Number of asset objects unloaded after import = 3
========================================================================
Received Import Request.
  Time since last request: 0.245503 seconds.
  path: Assets/Material/Tiles/tileset_39.asset
  artifactKey: Guid(a2ad4465886f84f4a90a8d384ee6e5b3) Importer(815301076,1909f56bfc062723c751e8b465ee728b)
Start importing Assets/Material/Tiles/tileset_39.asset using Guid(a2ad4465886f84f4a90a8d384ee6e5b3) Importer(815301076,1909f56bfc062723c751e8b465ee728b)  -> (artifact id: '8cac3d115b03d4495964ab8cdaead4da') in 0.011780 seconds
Number of updated asset objects reloaded before import = 0
Number of asset objects unloaded after import = 3
========================================================================
Received Import Request.
  Time since last request: 0.000042 seconds.
  path: Assets/Material/Tiles/tileset_40.asset
  artifactKey: Guid(7c90140de04bbe24baaff784eaaa261c) Importer(815301076,1909f56bfc062723c751e8b465ee728b)
Start importing Assets/Material/Tiles/tileset_40.asset using Guid(7c90140de04bbe24baaff784eaaa261c) Importer(815301076,1909f56bfc062723c751e8b465ee728b)  -> (artifact id: 'ecf3cbddb8b705c363ec1a0921c1a640') in 0.009698 seconds
Number of updated asset objects reloaded before import = 0
Number of asset objects unloaded after import = 3
========================================================================
Received Import Request.
  Time since last request: 0.026947 seconds.
  path: Assets/Material/Tiles/tileset_41.asset
  artifactKey: Guid(7a025cd38dff9ee4698dec0534ddd592) Importer(815301076,1909f56bfc062723c751e8b465ee728b)
Start importing Assets/Material/Tiles/tileset_41.asset using Guid(7a025cd38dff9ee4698dec0534ddd592) Importer(815301076,1909f56bfc062723c751e8b465ee728b)  -> (artifact id: '54a7642e11d20e03481b14bd42715030') in 0.010500 seconds
Number of updated asset objects reloaded before import = 0
Number of asset objects unloaded after import = 3
========================================================================
Received Import Request.
  Time since last request: 0.000017 seconds.
  path: Assets/Material/Tiles/tileset_42.asset
  artifactKey: Guid(cc131f71603af654d9489b270a54a0b6) Importer(815301076,1909f56bfc062723c751e8b465ee728b)
Start importing Assets/Material/Tiles/tileset_42.asset using Guid(cc131f71603af654d9489b270a54a0b6) Importer(815301076,1909f56bfc062723c751e8b465ee728b)  -> (artifact id: '07e3fe6a1913624d66d13b3be1158929') in 0.009940 seconds
Number of updated asset objects reloaded before import = 0
Number of asset objects unloaded after import = 3
========================================================================
Received Import Request.
  Time since last request: 0.000017 seconds.
  path: Assets/Material/Tiles/tileset_43.asset
  artifactKey: Guid(95d69420deeaf3e4c8595e436abec85a) Importer(815301076,1909f56bfc062723c751e8b465ee728b)
Start importing Assets/Material/Tiles/tileset_43.asset using Guid(95d69420deeaf3e4c8595e436abec85a) Importer(815301076,1909f56bfc062723c751e8b465ee728b)  -> (artifact id: '51cf12cc302ccb141eb7f24d561774ea') in 0.010341 seconds
Number of updated asset objects reloaded before import = 0
Number of asset objects unloaded after import = 3
========================================================================
Received Import Request.
  Time since last request: 0.000014 seconds.
  path: Assets/Material/Tiles/tileset_44.asset
  artifactKey: Guid(468836298ebca44409dbbb1bd2fa1887) Importer(815301076,1909f56bfc062723c751e8b465ee728b)
Start importing Assets/Material/Tiles/tileset_44.asset using Guid(468836298ebca44409dbbb1bd2fa1887) Importer(815301076,1909f56bfc062723c751e8b465ee728b)  -> (artifact id: '546e4ccce27dd2a84db97a9d1569c03b') in 0.011576 seconds
Number of updated asset objects reloaded before import = 0
Number of asset objects unloaded after import = 3
========================================================================
Received Import Request.
  Time since last request: 0.000026 seconds.
  path: Assets/Material/Tiles/tileset_46 1.asset
  artifactKey: Guid(e2b94b8cf01a99048b7d8008272584f1) Importer(815301076,1909f56bfc062723c751e8b465ee728b)
Start importing Assets/Material/Tiles/tileset_46 1.asset using Guid(e2b94b8cf01a99048b7d8008272584f1) Importer(815301076,1909f56bfc062723c751e8b465ee728b)  -> (artifact id: '098a5812f703fe616173af085c7044d3') in 0.008965 seconds
Number of updated asset objects reloaded before import = 0
Number of asset objects unloaded after import = 3
========================================================================
Received Import Request.
  Time since last request: 0.000023 seconds.
  path: Assets/Material/Tiles/tileset_46.asset
  artifactKey: Guid(23d846f5175a5644d9afbb886003a56c) Importer(815301076,1909f56bfc062723c751e8b465ee728b)
Start importing Assets/Material/Tiles/tileset_46.asset using Guid(23d846f5175a5644d9afbb886003a56c) Importer(815301076,1909f56bfc062723c751e8b465ee728b)  -> (artifact id: '9107ddcab332cc6c6864d0b77834a56d') in 0.009725 seconds
Number of updated asset objects reloaded before import = 0
Number of asset objects unloaded after import = 3
========================================================================
Received Import Request.
  Time since last request: 0.246539 seconds.
  path: Assets/Material/Tiles/tileset_47.asset
  artifactKey: Guid(84f932df8b7e4794c92667e92f7f313e) Importer(815301076,1909f56bfc062723c751e8b465ee728b)
Start importing Assets/Material/Tiles/tileset_47.asset using Guid(84f932df8b7e4794c92667e92f7f313e) Importer(815301076,1909f56bfc062723c751e8b465ee728b)  -> (artifact id: 'dbc0072c95f18aea20c1a200d70ee6c0') in 0.011757 seconds
Number of updated asset objects reloaded before import = 0
Number of asset objects unloaded after import = 3
========================================================================
Received Import Request.
  Time since last request: 0.000018 seconds.
  path: Assets/Material/Tiles/tileset_48 1.asset
  artifactKey: Guid(5990827a24eccba4a82118ad48910adf) Importer(815301076,1909f56bfc062723c751e8b465ee728b)
Start importing Assets/Material/Tiles/tileset_48 1.asset using Guid(5990827a24eccba4a82118ad48910adf) Importer(815301076,1909f56bfc062723c751e8b465ee728b)  -> (artifact id: 'd731426764a4d2296efbc3d284fee309') in 0.011256 seconds
Number of updated asset objects reloaded before import = 0
Number of asset objects unloaded after import = 3
========================================================================
Received Import Request.
  Time since last request: 0.004441 seconds.
  path: Assets/Material/Tiles/tileset_49.asset
  artifactKey: Guid(1654b0c19d18a304984d3175ea3f0afb) Importer(815301076,1909f56bfc062723c751e8b465ee728b)
Start importing Assets/Material/Tiles/tileset_49.asset using Guid(1654b0c19d18a304984d3175ea3f0afb) Importer(815301076,1909f56bfc062723c751e8b465ee728b)  -> (artifact id: '7ee9b84364b251916d4e1ed7af3ab9af') in 0.010390 seconds
Number of updated asset objects reloaded before import = 0
Number of asset objects unloaded after import = 3
========================================================================
Received Import Request.
  Time since last request: 0.000016 seconds.
  path: Assets/Material/Tiles/tileset_50 1.asset
  artifactKey: Guid(d25d0691c0db43d4b8747d742f9c1517) Importer(815301076,1909f56bfc062723c751e8b465ee728b)
Start importing Assets/Material/Tiles/tileset_50 1.asset using Guid(d25d0691c0db43d4b8747d742f9c1517) Importer(815301076,1909f56bfc062723c751e8b465ee728b)  -> (artifact id: 'be0fad23b59ec5569c3c01ecaa5793f4') in 0.010134 seconds
Number of updated asset objects reloaded before import = 0
Number of asset objects unloaded after import = 3
========================================================================
Received Import Request.
  Time since last request: 0.000662 seconds.
  path: Assets/Material/Tiles/tileset_51.asset
  artifactKey: Guid(dae7e9ba2a688e84888da781e8a94ee9) Importer(815301076,1909f56bfc062723c751e8b465ee728b)
Start importing Assets/Material/Tiles/tileset_51.asset using Guid(dae7e9ba2a688e84888da781e8a94ee9) Importer(815301076,1909f56bfc062723c751e8b465ee728b)  -> (artifact id: '01847364faed7cb956e0569cf833aed5') in 0.009336 seconds
Number of updated asset objects reloaded before import = 0
Number of asset objects unloaded after import = 3
========================================================================
Received Import Request.
  Time since last request: 0.000014 seconds.
  path: Assets/Material/Tiles/tileset_52 1.asset
  artifactKey: Guid(47a9fb8d4b4161f47baa4a5471998b7c) Importer(815301076,1909f56bfc062723c751e8b465ee728b)
Start importing Assets/Material/Tiles/tileset_52 1.asset using Guid(47a9fb8d4b4161f47baa4a5471998b7c) Importer(815301076,1909f56bfc062723c751e8b465ee728b)  -> (artifact id: 'fdc4e6c42d6599138e45722c2a7c5e61') in 0.009980 seconds
Number of updated asset objects reloaded before import = 0
Number of asset objects unloaded after import = 3
========================================================================
Received Import Request.
  Time since last request: 0.014774 seconds.
  path: Assets/Material/Tiles/tileset_53.asset
  artifactKey: Guid(a687dc4aebbe65b419a970e44bd2354a) Importer(815301076,1909f56bfc062723c751e8b465ee728b)
Start importing Assets/Material/Tiles/tileset_53.asset using Guid(a687dc4aebbe65b419a970e44bd2354a) Importer(815301076,1909f56bfc062723c751e8b465ee728b)  -> (artifact id: '00f9ccddf4cefa5f674c3881d480b25e') in 0.009916 seconds
Number of updated asset objects reloaded before import = 0
Number of asset objects unloaded after import = 3
========================================================================
Received Import Request.
  Time since last request: 0.000014 seconds.
  path: Assets/Material/Tiles/tileset_54 1.asset
  artifactKey: Guid(e928a8265521a514aa5a9f33875b133b) Importer(815301076,1909f56bfc062723c751e8b465ee728b)
Start importing Assets/Material/Tiles/tileset_54 1.asset using Guid(e928a8265521a514aa5a9f33875b133b) Importer(815301076,1909f56bfc062723c751e8b465ee728b)  -> (artifact id: '7c7ab542566596635a2f0e761155ae86') in 0.004149 seconds
Number of updated asset objects reloaded before import = 0
Number of asset objects unloaded after import = 3
========================================================================
Received Import Request.
  Time since last request: 0.001277 seconds.
  path: Assets/Material/Tiles/tileset_55.asset
  artifactKey: Guid(1e3c3741ca16e65459ab805093148ea4) Importer(815301076,1909f56bfc062723c751e8b465ee728b)
Start importing Assets/Material/Tiles/tileset_55.asset using Guid(1e3c3741ca16e65459ab805093148ea4) Importer(815301076,1909f56bfc062723c751e8b465ee728b)  -> (artifact id: 'cd672df09ce2cbab97ecd2ed6eca99b6') in 0.009120 seconds
Number of updated asset objects reloaded before import = 0
Number of asset objects unloaded after import = 3
========================================================================
Received Import Request.
  Time since last request: 0.000016 seconds.
  path: Assets/Material/Tiles/tileset_56 1.asset
  artifactKey: Guid(fa02974a826e42644ab397615af05c2c) Importer(815301076,1909f56bfc062723c751e8b465ee728b)
Start importing Assets/Material/Tiles/tileset_56 1.asset using Guid(fa02974a826e42644ab397615af05c2c) Importer(815301076,1909f56bfc062723c751e8b465ee728b)  -> (artifact id: '36355238686037692fdcfa0106443a61') in 0.009569 seconds
Number of updated asset objects reloaded before import = 0
Number of asset objects unloaded after import = 3
========================================================================
Received Import Request.
  Time since last request: 0.791941 seconds.
  path: Assets/Material/Palette/Cementerio.prefab
  artifactKey: Guid(938973306f1c6f849be257c677b4cee4) Importer(815301076,1909f56bfc062723c751e8b465ee728b)
Start importing Assets/Material/Palette/Cementerio.prefab using Guid(938973306f1c6f849be257c677b4cee4) Importer(815301076,1909f56bfc062723c751e8b465ee728b)  -> (artifact id: '51041bb8c0b967f5d8c1504ed790cd22') in 0.055988 seconds
Number of updated asset objects reloaded before import = 0
Number of asset objects unloaded after import = 197
========================================================================
Received Import Request.
  Time since last request: 0.000016 seconds.
  path: Assets/Material/Palette/Pantano.prefab
  artifactKey: Guid(2ef5ec84f65847a4da0f7f8ddf5bdd5c) Importer(815301076,1909f56bfc062723c751e8b465ee728b)
Start importing Assets/Material/Palette/Pantano.prefab using Guid(2ef5ec84f65847a4da0f7f8ddf5bdd5c) Importer(815301076,1909f56bfc062723c751e8b465ee728b)  -> (artifact id: 'a3afdc27b384d1d1206baaf736f45470') in 0.044725 seconds
Number of updated asset objects reloaded before import = 0
Number of asset objects unloaded after import = 215
========================================================================
Received Prepare
Begin MonoManager ReloadAssembly
- Loaded All Assemblies, in  1.893 seconds
Refreshing native plugins compatible for Editor in 4.49 ms, found 4 plugins.
Native extension for WindowsStandalone target not found
[Package Manager] Server::EnsureServerProcessIsRunning -- launch failed, reason: Unity was launched with the -noUpm command-line argument
[Package Manager] UpmClient::Send -- Unable to send message (not connected to UPM process).
[Package Manager] Cannot connect to Unity Package Manager local server
Mono: successfully reloaded assembly
- Finished resetting the current domain, in 12.894 seconds
Domain Reload Profiling: 14783ms
	BeginReloadAssembly (274ms)
		ExecutionOrderSort (0ms)
		DisableScriptedObjects (26ms)
		BackupInstance (0ms)
		ReleaseScriptingObjects (0ms)
		CreateAndSetChildDomain (99ms)
	RebuildCommonClasses (28ms)
	RebuildNativeTypeToScriptingClass (12ms)
	initialDomainReloadingComplete (37ms)
	LoadAllAssembliesAndSetupDomain (1537ms)
		LoadAssemblies (1628ms)
		RebuildTransferFunctionScriptingTraits (0ms)
		AnalyzeDomain (16ms)
			TypeCache.Refresh (7ms)
				TypeCache.ScanAssembly (0ms)
			ScanForSourceGeneratedMonoScriptInfo (0ms)
			ResolveRequiredComponents (8ms)
	FinalizeReload (12895ms)
		ReleaseScriptCaches (0ms)
		RebuildScriptCaches (0ms)
		SetupLoadedEditorAssemblies (547ms)
			LogAssemblyErrors (0ms)
			InitializePlatformSupportModulesInManaged (7ms)
			SetLoadedEditorAssemblies (6ms)
			RefreshPlugins (0ms)
			BeforeProcessingInitializeOnLoad (116ms)
			ProcessInitializeOnLoadAttributes (381ms)
			ProcessInitializeOnLoadMethodAttributes (32ms)
			AfterProcessingInitializeOnLoad (6ms)
			EditorAssembliesLoaded (0ms)
		ExecutionOrderSort2 (0ms)
		AwakeInstancesAfterBackupRestoration (13ms)
Refreshing native plugins compatible for Editor in 5.42 ms, found 4 plugins.
Preloading 0 native plugins for Editor in 0.00 ms.
Unloading 4419 Unused Serialized files (Serialized files now loaded: 0)
Unloading 43 unused Assets / (217.0 KB). Loaded Objects now: 4905.
Memory consumption went from 158.3 MB to 158.1 MB.
Total: 3.351700 ms (FindLiveObjects: 0.228600 ms CreateObjectMapping: 0.115500 ms MarkObjects: 2.836200 ms  DeleteObjects: 0.170200 ms)

Prepare: number of updated asset objects reloaded= 0
AssetImportParameters requested are different than current active one (requested -> active):
  custom:container-demuxer-ogg: 62fdf1f143b41e24485cea50d1cbac27 -> 
  custom:video-decoder-ogg-theora: a1e56fd34408186e4bbccfd4996cb3dc -> 
  custom:framework-win-MediaFoundation: 216162199b28c13a410421893ffa2e32 -> 
  custom:CustomObjectIndexerAttribute: 6d391050e5a25f67b0a2c618074f2cd9 -> 
  custom:container-demuxer-webm: 4f35f7cbe854078d1ac9338744f61a02 -> 
  custom:container-muxer-webm: aa71ff27fc2769a1b78a27578f13a17b -> 
  custom:video-decoder-webm-vp8: 9c59270c3fd7afecdb556c50c9e8de78 -> 
  custom:SearchIndexIgnoredProperties: e643bd26f0fe6173181afceb89e7c659 -> 
  custom:AudioImporter_EditorPlatform: d09bf68614088b80899f8185d706f6e7 -> 
  custom:video-encoder-webm-vp8: eb34c28f22e8b96e1ab97ce403110664 -> 
  custom:audio-decoder-ogg-vorbis: bf7c407c2cedff20999df2af8eb42d56 -> 
  custom:audio-encoder-webm-vorbis: bf7c407c2cedff20999df2af8eb42d56 -> 
========================================================================
Received Import Request.
  Time since last request: 2881.881597 seconds.
  path: Assets/Scenes/Nivel2.unity
  artifactKey: Guid(84ae1abe31cabec46b4cd17f8627805b) Importer(815301076,1909f56bfc062723c751e8b465ee728b)
Start importing Assets/Scenes/Nivel2.unity using Guid(84ae1abe31cabec46b4cd17f8627805b) Importer(815301076,1909f56bfc062723c751e8b465ee728b)  -> (artifact id: 'fd9224a5bb565a3807336df60847144c') in 0.003118 seconds
Number of updated asset objects reloaded before import = 0
Number of asset objects unloaded after import = 0
========================================================================
Received Import Request.
  Time since last request: 29.775304 seconds.
  path: Assets/Scenes/Nivel1.unity
  artifactKey: Guid(2cda990e2423bbf4892e6590ba056729) Importer(815301076,1909f56bfc062723c751e8b465ee728b)
Start importing Assets/Scenes/Nivel1.unity using Guid(2cda990e2423bbf4892e6590ba056729) Importer(815301076,1909f56bfc062723c751e8b465ee728b)  -> (artifact id: '45bfec104153945813a82f8d2c9e985a') in 0.000480 seconds
Number of updated asset objects reloaded before import = 0
Number of asset objects unloaded after import = 0
========================================================================
Received Import Request.
  Time since last request: 31.973757 seconds.
  path: Assets/Scenes/Nivel3.unity
  artifactKey: Guid(e4db2cef899b69a48bc49d0259f3784d) Importer(815301076,1909f56bfc062723c751e8b465ee728b)
Start importing Assets/Scenes/Nivel3.unity using Guid(e4db2cef899b69a48bc49d0259f3784d) Importer(815301076,1909f56bfc062723c751e8b465ee728b)  -> (artifact id: 'e75fa6f44549aa5f17046cb11d541fcd') in 0.000517 seconds
Number of updated asset objects reloaded before import = 0
Number of asset objects unloaded after import = 0
========================================================================
Received Import Request.
  Time since last request: 836.673789 seconds.
  path: Assets/Scenes/Nivel2.unity
  artifactKey: Guid(84ae1abe31cabec46b4cd17f8627805b) Importer(815301076,1909f56bfc062723c751e8b465ee728b)
Start importing Assets/Scenes/Nivel2.unity using Guid(84ae1abe31cabec46b4cd17f8627805b) Importer(815301076,1909f56bfc062723c751e8b465ee728b)  -> (artifact id: '3809c5b20c296e8c3e7b98c9d4f8cd05') in 0.000745 seconds
Number of updated asset objects reloaded before import = 0
Number of asset objects unloaded after import = 0
========================================================================
Received Import Request.
  Time since last request: 241.591464 seconds.
  path: Assets/UnityAssets/Ambiente/Bridge expansion Files/Props/tree.png
  artifactKey: Guid(7abb242531be19c41b7f951f50069323) Importer(815301076,1909f56bfc062723c751e8b465ee728b)
Start importing Assets/UnityAssets/Ambiente/Bridge expansion Files/Props/tree.png using Guid(7abb242531be19c41b7f951f50069323) Importer(815301076,1909f56bfc062723c751e8b465ee728b)  -> (artifact id: '85f1335117f7834fe5a4c0e1cdff47ce') in 0.075154 seconds
Number of updated asset objects reloaded before import = 0
Number of asset objects unloaded after import = 3
========================================================================
Received Import Request.
  Time since last request: 44.621620 seconds.
  path: Assets/Material/Palette/Arbol.prefab
  artifactKey: Guid(3696e4baa1d0f9a4e81665080803aaa7) Importer(815301076,1909f56bfc062723c751e8b465ee728b)
Start importing Assets/Material/Palette/Arbol.prefab using Guid(3696e4baa1d0f9a4e81665080803aaa7) Importer(815301076,1909f56bfc062723c751e8b465ee728b)  -> (artifact id: '6496caca015243700d5a11543e73606f') in 0.032304 seconds
Number of updated asset objects reloaded before import = 0
Number of asset objects unloaded after import = 16
========================================================================
Received Import Request.
  Time since last request: 5.237154 seconds.
  path: Assets/Material/Tiles/Castillo_0.asset
  artifactKey: Guid(f42d08156561f8145ae3779439323147) Importer(815301076,1909f56bfc062723c751e8b465ee728b)
Start importing Assets/Material/Tiles/Castillo_0.asset using Guid(f42d08156561f8145ae3779439323147) Importer(815301076,1909f56bfc062723c751e8b465ee728b)  -> (artifact id: 'c2fd7ed1acd2df07867441ad5d5a96f8') in 0.023057 seconds
Number of updated asset objects reloaded before import = 0
Number of asset objects unloaded after import = 3
========================================================================
Received Import Request.
  Time since last request: 0.000016 seconds.
  path: Assets/Material/Tiles/Castillo_5.asset
  artifactKey: Guid(b63638a649f4f1a469bd6a3f0d484452) Importer(815301076,1909f56bfc062723c751e8b465ee728b)
Start importing Assets/Material/Tiles/Castillo_5.asset using Guid(b63638a649f4f1a469bd6a3f0d484452) Importer(815301076,1909f56bfc062723c751e8b465ee728b)  -> (artifact id: '5099ffdcded497f8ef5cf19b875f7b52') in 0.014005 seconds
Number of updated asset objects reloaded before import = 0
Number of asset objects unloaded after import = 3
========================================================================
Received Import Request.
  Time since last request: 0.000025 seconds.
  path: Assets/Material/Tiles/Castillo_14.asset
  artifactKey: Guid(bedde6b04f869ae419366c7177032126) Importer(815301076,1909f56bfc062723c751e8b465ee728b)
Start importing Assets/Material/Tiles/Castillo_14.asset using Guid(bedde6b04f869ae419366c7177032126) Importer(815301076,1909f56bfc062723c751e8b465ee728b)  -> (artifact id: 'ecafdfe84f603b0d6d2bc6d1de40bfad') in 0.014337 seconds
Number of updated asset objects reloaded before import = 0
Number of asset objects unloaded after import = 3
========================================================================
Received Import Request.
  Time since last request: 0.000022 seconds.
  path: Assets/Material/Tiles/Castillo_15.asset
  artifactKey: Guid(7aeac8fed96731d4593fa5b12e370b48) Importer(815301076,1909f56bfc062723c751e8b465ee728b)
Start importing Assets/Material/Tiles/Castillo_15.asset using Guid(7aeac8fed96731d4593fa5b12e370b48) Importer(815301076,1909f56bfc062723c751e8b465ee728b)  -> (artifact id: 'cc9a4cd937ca8c83de232bbdbc5060c1') in 0.013245 seconds
Number of updated asset objects reloaded before import = 0
Number of asset objects unloaded after import = 3
========================================================================
Received Import Request.
  Time since last request: 0.000015 seconds.
  path: Assets/Material/Tiles/Castillo_10.asset
  artifactKey: Guid(013815fe5d219df4fb75f86c1e0ab010) Importer(815301076,1909f56bfc062723c751e8b465ee728b)
Start importing Assets/Material/Tiles/Castillo_10.asset using Guid(013815fe5d219df4fb75f86c1e0ab010) Importer(815301076,1909f56bfc062723c751e8b465ee728b)  -> (artifact id: '6d5a8bbb1c43838a31fa47570328c7b4') in 0.014908 seconds
Number of updated asset objects reloaded before import = 0
Number of asset objects unloaded after import = 3
========================================================================
Received Import Request.
  Time since last request: 0.000017 seconds.
  path: Assets/Material/Tiles/Castillo_6.asset
  artifactKey: Guid(01dd038759b25434a8a7ecea4e1fcdc7) Importer(815301076,1909f56bfc062723c751e8b465ee728b)
Start importing Assets/Material/Tiles/Castillo_6.asset using Guid(01dd038759b25434a8a7ecea4e1fcdc7) Importer(815301076,1909f56bfc062723c751e8b465ee728b)  -> (artifact id: '919fced8a4b4708381362cf8a01ad48b') in 0.009348 seconds
Number of updated asset objects reloaded before import = 0
Number of asset objects unloaded after import = 3
========================================================================
Received Import Request.
  Time since last request: 0.000016 seconds.
  path: Assets/Material/Tiles/Castillo_13.asset
  artifactKey: Guid(cb7d293740f17ff498cb6a739f717dbf) Importer(815301076,1909f56bfc062723c751e8b465ee728b)
Start importing Assets/Material/Tiles/Castillo_13.asset using Guid(cb7d293740f17ff498cb6a739f717dbf) Importer(815301076,1909f56bfc062723c751e8b465ee728b)  -> (artifact id: '3ce3a58f49381050da9a44694ca83e7f') in 0.015697 seconds
Number of updated asset objects reloaded before import = 0
Number of asset objects unloaded after import = 3
========================================================================
Received Import Request.
  Time since last request: 0.000016 seconds.
  path: Assets/Material/Tiles/Castillo_19.asset
  artifactKey: Guid(b5ef6f6997d42f74db2293b44dc7a0f0) Importer(815301076,1909f56bfc062723c751e8b465ee728b)
Start importing Assets/Material/Tiles/Castillo_19.asset using Guid(b5ef6f6997d42f74db2293b44dc7a0f0) Importer(815301076,1909f56bfc062723c751e8b465ee728b)  -> (artifact id: 'ed52f63105941bdeb4bbb02cc5ac0a32') in 0.011887 seconds
Number of updated asset objects reloaded before import = 0
Number of asset objects unloaded after import = 3
========================================================================
Received Import Request.
  Time since last request: 0.000018 seconds.
  path: Assets/Material/Tiles/Castillo_8.asset
  artifactKey: Guid(0a6accbc4ad20554c915f0cbb02c54e4) Importer(815301076,1909f56bfc062723c751e8b465ee728b)
Start importing Assets/Material/Tiles/Castillo_8.asset using Guid(0a6accbc4ad20554c915f0cbb02c54e4) Importer(815301076,1909f56bfc062723c751e8b465ee728b)  -> (artifact id: 'a6c92d4c79bcc1b2398b3401a8c6bcc3') in 0.017389 seconds
Number of updated asset objects reloaded before import = 0
Number of asset objects unloaded after import = 3
========================================================================
Received Import Request.
  Time since last request: 0.000015 seconds.
  path: Assets/Material/Tiles/Castillo_7.asset
  artifactKey: Guid(24fa3aed96e715b409efa51ecf9759a2) Importer(815301076,1909f56bfc062723c751e8b465ee728b)
Start importing Assets/Material/Tiles/Castillo_7.asset using Guid(24fa3aed96e715b409efa51ecf9759a2) Importer(815301076,1909f56bfc062723c751e8b465ee728b)  -> (artifact id: 'aed095ae9b1aa895c4a132029f8cefdc') in 0.011514 seconds
Number of updated asset objects reloaded before import = 0
Number of asset objects unloaded after import = 3
========================================================================
Received Import Request.
  Time since last request: 0.578250 seconds.
  path: Assets/Material/Tiles/Castillo_21.asset
  artifactKey: Guid(b9d913c0228432849ac5466f46586c5c) Importer(815301076,1909f56bfc062723c751e8b465ee728b)
Start importing Assets/Material/Tiles/Castillo_21.asset using Guid(b9d913c0228432849ac5466f46586c5c) Importer(815301076,1909f56bfc062723c751e8b465ee728b)  -> (artifact id: 'a67d6505f1ca7675277622cd220fe24c') in 0.010383 seconds
Number of updated asset objects reloaded before import = 0
Number of asset objects unloaded after import = 3
========================================================================
Received Import Request.
  Time since last request: 0.000016 seconds.
  path: Assets/Material/Tiles/Castillo_24.asset
  artifactKey: Guid(103473febab174c41ab8e44811be87cb) Importer(815301076,1909f56bfc062723c751e8b465ee728b)
Start importing Assets/Material/Tiles/Castillo_24.asset using Guid(103473febab174c41ab8e44811be87cb) Importer(815301076,1909f56bfc062723c751e8b465ee728b)  -> (artifact id: 'c93949d37fb17643f81b424772a941fb') in 0.010396 seconds
Number of updated asset objects reloaded before import = 0
Number of asset objects unloaded after import = 3
========================================================================
Received Import Request.
  Time since last request: 0.022820 seconds.
  path: Assets/Material/Tiles/Castillo_25.asset
  artifactKey: Guid(505574f357be93b4da4471228a81a5a9) Importer(815301076,1909f56bfc062723c751e8b465ee728b)
Start importing Assets/Material/Tiles/Castillo_25.asset using Guid(505574f357be93b4da4471228a81a5a9) Importer(815301076,1909f56bfc062723c751e8b465ee728b)  -> (artifact id: 'c5c218b73ff5673d389727d7b42481aa') in 0.010001 seconds
Number of updated asset objects reloaded before import = 0
Number of asset objects unloaded after import = 3
========================================================================
Received Import Request.
  Time since last request: 0.000016 seconds.
  path: Assets/Material/Tiles/Castillo_28.asset
  artifactKey: Guid(a20a67bbb9ae10549a1b69aeddef081e) Importer(815301076,1909f56bfc062723c751e8b465ee728b)
Start importing Assets/Material/Tiles/Castillo_28.asset using Guid(a20a67bbb9ae10549a1b69aeddef081e) Importer(815301076,1909f56bfc062723c751e8b465ee728b)  -> (artifact id: '07619938af8d6bc4817d1cc5d45d5680') in 0.010218 seconds
Number of updated asset objects reloaded before import = 0
Number of asset objects unloaded after import = 3
========================================================================
Received Import Request.
  Time since last request: 0.000017 seconds.
  path: Assets/Material/Tiles/Castillo_29.asset
  artifactKey: Guid(a76f006bf3c42c349a6659b3d97941b5) Importer(815301076,1909f56bfc062723c751e8b465ee728b)
Start importing Assets/Material/Tiles/Castillo_29.asset using Guid(a76f006bf3c42c349a6659b3d97941b5) Importer(815301076,1909f56bfc062723c751e8b465ee728b)  -> (artifact id: 'afd0c825459109651563e90e64d3ba8a') in 0.009671 seconds
Number of updated asset objects reloaded before import = 0
Number of asset objects unloaded after import = 3
========================================================================
Received Import Request.
  Time since last request: 0.000013 seconds.
  path: Assets/Material/Tiles/Castillo_30.asset
  artifactKey: Guid(313df1d15652db441a10bfa72f8d43a3) Importer(815301076,1909f56bfc062723c751e8b465ee728b)
Start importing Assets/Material/Tiles/Castillo_30.asset using Guid(313df1d15652db441a10bfa72f8d43a3) Importer(815301076,1909f56bfc062723c751e8b465ee728b)  -> (artifact id: '1ac2d5cf3e6a13d7ce7699122ccd8dff') in 0.009752 seconds
Number of updated asset objects reloaded before import = 0
Number of asset objects unloaded after import = 3
========================================================================
Received Import Request.
  Time since last request: 0.287267 seconds.
  path: Assets/Material/Tiles/Castillo_33.asset
  artifactKey: Guid(252e78f08e36db74aaf53e6f8d71c814) Importer(815301076,1909f56bfc062723c751e8b465ee728b)
Start importing Assets/Material/Tiles/Castillo_33.asset using Guid(252e78f08e36db74aaf53e6f8d71c814) Importer(815301076,1909f56bfc062723c751e8b465ee728b)  -> (artifact id: '116632d0723bced19d2ba69bdd2ab53d') in 0.011383 seconds
Number of updated asset objects reloaded before import = 0
Number of asset objects unloaded after import = 3
========================================================================
Received Import Request.
  Time since last request: 0.000016 seconds.
  path: Assets/Material/Tiles/Castillo_36.asset
  artifactKey: Guid(bfc197956953d2a4490a1b8b5a1dbc81) Importer(815301076,1909f56bfc062723c751e8b465ee728b)
Start importing Assets/Material/Tiles/Castillo_36.asset using Guid(bfc197956953d2a4490a1b8b5a1dbc81) Importer(815301076,1909f56bfc062723c751e8b465ee728b)  -> (artifact id: 'ffb7fca7291afed138913a73b5dd3bae') in 0.009939 seconds
Number of updated asset objects reloaded before import = 0
Number of asset objects unloaded after import = 3
========================================================================
Received Import Request.
  Time since last request: 0.009135 seconds.
  path: Assets/Material/Tiles/Castillo_37.asset
  artifactKey: Guid(0a9eef77e5dfe7c48b66fd02e79498a8) Importer(815301076,1909f56bfc062723c751e8b465ee728b)
Start importing Assets/Material/Tiles/Castillo_37.asset using Guid(0a9eef77e5dfe7c48b66fd02e79498a8) Importer(815301076,1909f56bfc062723c751e8b465ee728b)  -> (artifact id: '2321544eb70dd5318d0e5d6c0188abec') in 0.010132 seconds
Number of updated asset objects reloaded before import = 0
Number of asset objects unloaded after import = 3
========================================================================
Received Import Request.
  Time since last request: 0.000018 seconds.
  path: Assets/Material/Tiles/Castillo_40.asset
  artifactKey: Guid(192fedc51972a714ea9351a2151a1c73) Importer(815301076,1909f56bfc062723c751e8b465ee728b)
Start importing Assets/Material/Tiles/Castillo_40.asset using Guid(192fedc51972a714ea9351a2151a1c73) Importer(815301076,1909f56bfc062723c751e8b465ee728b)  -> (artifact id: '2712fa9ece9a86f3ba34fa595a9b2335') in 0.010166 seconds
Number of updated asset objects reloaded before import = 0
Number of asset objects unloaded after import = 3
========================================================================
Received Import Request.
  Time since last request: 0.011236 seconds.
  path: Assets/Material/Tiles/Castillo_41.asset
  artifactKey: Guid(a7b1b0b2012147945a3eb7c359075c96) Importer(815301076,1909f56bfc062723c751e8b465ee728b)
Start importing Assets/Material/Tiles/Castillo_41.asset using Guid(a7b1b0b2012147945a3eb7c359075c96) Importer(815301076,1909f56bfc062723c751e8b465ee728b)  -> (artifact id: 'd4354dff487a2f6d47aebfdbbe5c2c1b') in 0.009715 seconds
Number of updated asset objects reloaded before import = 0
Number of asset objects unloaded after import = 3
========================================================================
Received Import Request.
  Time since last request: 0.000015 seconds.
  path: Assets/Material/Tiles/Castillo_44.asset
  artifactKey: Guid(d4a897f963a77914bb43688810a72da4) Importer(815301076,1909f56bfc062723c751e8b465ee728b)
Start importing Assets/Material/Tiles/Castillo_44.asset using Guid(d4a897f963a77914bb43688810a72da4) Importer(815301076,1909f56bfc062723c751e8b465ee728b)  -> (artifact id: '4dc31a191d76a2fd0e043e5117d95a25') in 0.009400 seconds
Number of updated asset objects reloaded before import = 0
Number of asset objects unloaded after import = 3
========================================================================
Received Import Request.
  Time since last request: 0.000620 seconds.
  path: Assets/Material/Tiles/Castillo_45.asset
  artifactKey: Guid(126c191f169a3274aaea44b1e55d9657) Importer(815301076,1909f56bfc062723c751e8b465ee728b)
Start importing Assets/Material/Tiles/Castillo_45.asset using Guid(126c191f169a3274aaea44b1e55d9657) Importer(815301076,1909f56bfc062723c751e8b465ee728b)  -> (artifact id: '436cc4f510953014313b22b7406c2a24') in 0.008952 seconds
Number of updated asset objects reloaded before import = 0
Number of asset objects unloaded after import = 3
========================================================================
Received Import Request.
  Time since last request: 0.000017 seconds.
  path: Assets/Material/Tiles/Castillo_47.asset
  artifactKey: Guid(ad600bce03e07d34e8b9513639a24ade) Importer(815301076,1909f56bfc062723c751e8b465ee728b)
Start importing Assets/Material/Tiles/Castillo_47.asset using Guid(ad600bce03e07d34e8b9513639a24ade) Importer(815301076,1909f56bfc062723c751e8b465ee728b)  -> (artifact id: '08b6e444a0775d00fdb250807b468a40') in 0.009601 seconds
Number of updated asset objects reloaded before import = 0
Number of asset objects unloaded after import = 3
========================================================================
Received Import Request.
  Time since last request: 1.128207 seconds.
  path: Assets/Material/Tiles/Castillo_49.asset
  artifactKey: Guid(d37f2ed1ea67bfa45822c67a6f9d4011) Importer(815301076,1909f56bfc062723c751e8b465ee728b)
Start importing Assets/Material/Tiles/Castillo_49.asset using Guid(d37f2ed1ea67bfa45822c67a6f9d4011) Importer(815301076,1909f56bfc062723c751e8b465ee728b)  -> (artifact id: 'ba18f2c1f75b7ad80b30a7a4570c1027') in 0.010864 seconds
Number of updated asset objects reloaded before import = 0
Number of asset objects unloaded after import = 3
========================================================================
Received Import Request.
  Time since last request: 0.000014 seconds.
  path: Assets/Material/Tiles/Castillo_51.asset
  artifactKey: Guid(aa2d69a852ae7f240aaa648029e534bb) Importer(815301076,1909f56bfc062723c751e8b465ee728b)
Start importing Assets/Material/Tiles/Castillo_51.asset using Guid(aa2d69a852ae7f240aaa648029e534bb) Importer(815301076,1909f56bfc062723c751e8b465ee728b)  -> (artifact id: 'e30b1b12037ad1eec8894dbd97f78d83') in 0.010636 seconds
Number of updated asset objects reloaded before import = 0
Number of asset objects unloaded after import = 3
========================================================================
Received Import Request.
  Time since last request: 0.004098 seconds.
  path: Assets/Material/Tiles/Castillo_53.asset
  artifactKey: Guid(e3d4b06a6ec9ab74c9c2be0c7f5d8bb3) Importer(815301076,1909f56bfc062723c751e8b465ee728b)
Start importing Assets/Material/Tiles/Castillo_53.asset using Guid(e3d4b06a6ec9ab74c9c2be0c7f5d8bb3) Importer(815301076,1909f56bfc062723c751e8b465ee728b)  -> (artifact id: '4341b240986785fac17de7e46c07037b') in 0.011889 seconds
Number of updated asset objects reloaded before import = 0
Number of asset objects unloaded after import = 3
========================================================================
Received Import Request.
  Time since last request: 0.000020 seconds.
  path: Assets/Material/Tiles/Castillo_56.asset
  artifactKey: Guid(5085cd978a512b54387501cc4d196e43) Importer(815301076,1909f56bfc062723c751e8b465ee728b)
Start importing Assets/Material/Tiles/Castillo_56.asset using Guid(5085cd978a512b54387501cc4d196e43) Importer(815301076,1909f56bfc062723c751e8b465ee728b)  -> (artifact id: '4f02e0fb209b7e09e5e182d17b164a71') in 0.011324 seconds
Number of updated asset objects reloaded before import = 0
Number of asset objects unloaded after import = 3
========================================================================
Received Import Request.
  Time since last request: 0.000017 seconds.
  path: Assets/Material/Tiles/Castillo_57.asset
  artifactKey: Guid(4742a8d242595ae49916dd352ac69724) Importer(815301076,1909f56bfc062723c751e8b465ee728b)
Start importing Assets/Material/Tiles/Castillo_57.asset using Guid(4742a8d242595ae49916dd352ac69724) Importer(815301076,1909f56bfc062723c751e8b465ee728b)  -> (artifact id: '85492aba9ef86c1b81cbc3339efc90f8') in 0.009827 seconds
Number of updated asset objects reloaded before import = 0
Number of asset objects unloaded after import = 3
========================================================================
Received Import Request.
  Time since last request: 0.000031 seconds.
  path: Assets/Material/Tiles/Castillo_60.asset
  artifactKey: Guid(ad23fd118630b25408de74a98b7657eb) Importer(815301076,1909f56bfc062723c751e8b465ee728b)
Start importing Assets/Material/Tiles/Castillo_60.asset using Guid(ad23fd118630b25408de74a98b7657eb) Importer(815301076,1909f56bfc062723c751e8b465ee728b)  -> (artifact id: '772d441e4dc31f1c9c3189fca2baab5c') in 0.010098 seconds
Number of updated asset objects reloaded before import = 0
Number of asset objects unloaded after import = 3
========================================================================
Received Import Request.
  Time since last request: 0.000019 seconds.
  path: Assets/Material/Tiles/Castillo_69.asset
  artifactKey: Guid(d73c145a54a512f4085f946836280c3f) Importer(815301076,1909f56bfc062723c751e8b465ee728b)
Start importing Assets/Material/Tiles/Castillo_69.asset using Guid(d73c145a54a512f4085f946836280c3f) Importer(815301076,1909f56bfc062723c751e8b465ee728b)  -> (artifact id: '593494ea63305cd8cfd38ad375d89940') in 0.009645 seconds
Number of updated asset objects reloaded before import = 0
Number of asset objects unloaded after import = 3
========================================================================
Received Import Request.
  Time since last request: 0.000015 seconds.
  path: Assets/Material/Tiles/Castillo_72.asset
  artifactKey: Guid(f2a31cb6b3e47bb45b1b603864e00802) Importer(815301076,1909f56bfc062723c751e8b465ee728b)
Start importing Assets/Material/Tiles/Castillo_72.asset using Guid(f2a31cb6b3e47bb45b1b603864e00802) Importer(815301076,1909f56bfc062723c751e8b465ee728b)  -> (artifact id: 'f1728373b54c42749974f789cdb21bbf') in 0.010053 seconds
Number of updated asset objects reloaded before import = 0
Number of asset objects unloaded after import = 3
========================================================================
Received Import Request.
  Time since last request: 0.000016 seconds.
  path: Assets/Material/Tiles/Castillo_80.asset
  artifactKey: Guid(acd35901507f76b47a678ba9dc34e702) Importer(815301076,1909f56bfc062723c751e8b465ee728b)
Start importing Assets/Material/Tiles/Castillo_80.asset using Guid(acd35901507f76b47a678ba9dc34e702) Importer(815301076,1909f56bfc062723c751e8b465ee728b)  -> (artifact id: '38d025a2d36ba989f96ccbc637968c12') in 0.008885 seconds
Number of updated asset objects reloaded before import = 0
Number of asset objects unloaded after import = 3
========================================================================
Received Import Request.
  Time since last request: 0.000020 seconds.
  path: Assets/Material/Tiles/Castillo_83.asset
  artifactKey: Guid(5a7a9eda60ae2c0409ba930f6d6015f2) Importer(815301076,1909f56bfc062723c751e8b465ee728b)
Start importing Assets/Material/Tiles/Castillo_83.asset using Guid(5a7a9eda60ae2c0409ba930f6d6015f2) Importer(815301076,1909f56bfc062723c751e8b465ee728b)  -> (artifact id: 'c6468b238efec47b02a3f9777667aca7') in 0.009273 seconds
Number of updated asset objects reloaded before import = 0
Number of asset objects unloaded after import = 3
========================================================================
Received Import Request.
  Time since last request: 0.000014 seconds.
  path: Assets/Material/Tiles/Castillo_95.asset
  artifactKey: Guid(241aa62ffe383054e8b15e3d6c7c51b1) Importer(815301076,1909f56bfc062723c751e8b465ee728b)
Start importing Assets/Material/Tiles/Castillo_95.asset using Guid(241aa62ffe383054e8b15e3d6c7c51b1) Importer(815301076,1909f56bfc062723c751e8b465ee728b)  -> (artifact id: '184d11febe14ceded0435564dc9d05bc') in 0.010365 seconds
Number of updated asset objects reloaded before import = 0
Number of asset objects unloaded after import = 3
========================================================================
Received Import Request.
  Time since last request: 0.000014 seconds.
  path: Assets/Material/Tiles/Castillo_68.asset
  artifactKey: Guid(1e2a8185913b3ee458f89b367e5b0917) Importer(815301076,1909f56bfc062723c751e8b465ee728b)
Start importing Assets/Material/Tiles/Castillo_68.asset using Guid(1e2a8185913b3ee458f89b367e5b0917) Importer(815301076,1909f56bfc062723c751e8b465ee728b)  -> (artifact id: '2ea5ae504a5479bcf238a06c06246189') in 0.009818 seconds
Number of updated asset objects reloaded before import = 0
Number of asset objects unloaded after import = 3
========================================================================
Received Import Request.
  Time since last request: 0.000018 seconds.
  path: Assets/Material/Tiles/Castillo_84.asset
  artifactKey: Guid(3309877b784dbc346be18d7a2949aea5) Importer(815301076,1909f56bfc062723c751e8b465ee728b)
Start importing Assets/Material/Tiles/Castillo_84.asset using Guid(3309877b784dbc346be18d7a2949aea5) Importer(815301076,1909f56bfc062723c751e8b465ee728b)  -> (artifact id: '53c44142b157019374d932d1e6591ddf') in 0.010337 seconds
Number of updated asset objects reloaded before import = 0
Number of asset objects unloaded after import = 3
========================================================================
Received Import Request.
  Time since last request: 0.000016 seconds.
  path: Assets/Material/Tiles/Castillo_94.asset
  artifactKey: Guid(5c37771d028126b49a983a57f47b3636) Importer(815301076,1909f56bfc062723c751e8b465ee728b)
Start importing Assets/Material/Tiles/Castillo_94.asset using Guid(5c37771d028126b49a983a57f47b3636) Importer(815301076,1909f56bfc062723c751e8b465ee728b)  -> (artifact id: '5777a0dfcb6effafa3b9c93a2f5e0202') in 0.008986 seconds
Number of updated asset objects reloaded before import = 0
Number of asset objects unloaded after import = 3
========================================================================
Received Import Request.
  Time since last request: 0.000022 seconds.
  path: Assets/Material/Tiles/house.asset
  artifactKey: Guid(46d1b9905bee2c141902f7b9bd3b12ee) Importer(815301076,1909f56bfc062723c751e8b465ee728b)
Start importing Assets/Material/Tiles/house.asset using Guid(46d1b9905bee2c141902f7b9bd3b12ee) Importer(815301076,1909f56bfc062723c751e8b465ee728b)  -> (artifact id: '75d627db7a4c9d05f756f22e0ccdc405') in 0.012122 seconds
Number of updated asset objects reloaded before import = 0
Number of asset objects unloaded after import = 3
========================================================================
Received Import Request.
  Time since last request: 0.000025 seconds.
  path: Assets/Material/Tiles/Castillo_61.asset
  artifactKey: Guid(c18ac7ce6dbf6824ba50d92ebba49fbc) Importer(815301076,1909f56bfc062723c751e8b465ee728b)
Start importing Assets/Material/Tiles/Castillo_61.asset using Guid(c18ac7ce6dbf6824ba50d92ebba49fbc) Importer(815301076,1909f56bfc062723c751e8b465ee728b)  -> (artifact id: '5d255648cbbee298af2b8ca44ca6b134') in 0.009936 seconds
Number of updated asset objects reloaded before import = 0
Number of asset objects unloaded after import = 3
========================================================================
Received Import Request.
  Time since last request: 0.000018 seconds.
  path: Assets/Material/Tiles/Castillo_62.asset
  artifactKey: Guid(dbaed5c773c994843aed481051160b94) Importer(815301076,1909f56bfc062723c751e8b465ee728b)
Start importing Assets/Material/Tiles/Castillo_62.asset using Guid(dbaed5c773c994843aed481051160b94) Importer(815301076,1909f56bfc062723c751e8b465ee728b)  -> (artifact id: 'd3535cf2688e2519eabf96115b2309f8') in 0.009892 seconds
Number of updated asset objects reloaded before import = 0
Number of asset objects unloaded after import = 3
========================================================================
Received Import Request.
  Time since last request: 0.000018 seconds.
  path: Assets/Material/Tiles/Castillo_79.asset
  artifactKey: Guid(93a62c8aa839daa44a57b0fb93bf3322) Importer(815301076,1909f56bfc062723c751e8b465ee728b)
Start importing Assets/Material/Tiles/Castillo_79.asset using Guid(93a62c8aa839daa44a57b0fb93bf3322) Importer(815301076,1909f56bfc062723c751e8b465ee728b)  -> (artifact id: '7f7e1d21aa4fd1b1349c7fc760062daf') in 0.009433 seconds
Number of updated asset objects reloaded before import = 0
Number of asset objects unloaded after import = 3
========================================================================
Received Import Request.
  Time since last request: 0.000016 seconds.
  path: Assets/Material/Tiles/Castillo_71.asset
  artifactKey: Guid(b98b08670e8bf9f41a345130c80bccb7) Importer(815301076,1909f56bfc062723c751e8b465ee728b)
Start importing Assets/Material/Tiles/Castillo_71.asset using Guid(b98b08670e8bf9f41a345130c80bccb7) Importer(815301076,1909f56bfc062723c751e8b465ee728b)  -> (artifact id: 'db851e8e47659134095274481b1a6e55') in 0.010098 seconds
Number of updated asset objects reloaded before import = 0
Number of asset objects unloaded after import = 3
========================================================================
Received Import Request.
  Time since last request: 0.000017 seconds.
  path: Assets/Material/Tiles/Castillo_77.asset
  artifactKey: Guid(e315e5712b502194ca04776a81cd87cd) Importer(815301076,1909f56bfc062723c751e8b465ee728b)
Start importing Assets/Material/Tiles/Castillo_77.asset using Guid(e315e5712b502194ca04776a81cd87cd) Importer(815301076,1909f56bfc062723c751e8b465ee728b)  -> (artifact id: '6be6ae32dc967af0c75af16bdcab1431') in 0.009289 seconds
Number of updated asset objects reloaded before import = 0
Number of asset objects unloaded after import = 3
========================================================================
Received Import Request.
  Time since last request: 0.000018 seconds.
  path: Assets/Material/Tiles/Castillo_67.asset
  artifactKey: Guid(e743ec039c4971d449cefc8da75e2aa7) Importer(815301076,1909f56bfc062723c751e8b465ee728b)
Start importing Assets/Material/Tiles/Castillo_67.asset using Guid(e743ec039c4971d449cefc8da75e2aa7) Importer(815301076,1909f56bfc062723c751e8b465ee728b)  -> (artifact id: 'dc3c9f2f992b5f00a9bfde2045b04c1e') in 0.009000 seconds
Number of updated asset objects reloaded before import = 0
Number of asset objects unloaded after import = 3
========================================================================
Received Import Request.
  Time since last request: 0.000019 seconds.
  path: Assets/Material/Tiles/Castillo_81.asset
  artifactKey: Guid(75bf91284de4b8c46b37e5c162e4de63) Importer(815301076,1909f56bfc062723c751e8b465ee728b)
Start importing Assets/Material/Tiles/Castillo_81.asset using Guid(75bf91284de4b8c46b37e5c162e4de63) Importer(815301076,1909f56bfc062723c751e8b465ee728b)  -> (artifact id: 'eee3ba5820d6389a962a2f92fd736a49') in 0.010662 seconds
Number of updated asset objects reloaded before import = 0
Number of asset objects unloaded after import = 3
========================================================================
Received Import Request.
  Time since last request: 0.000015 seconds.
  path: Assets/Material/Tiles/Castillo_93.asset
  artifactKey: Guid(0e8c121d1e65ad444b3023bd627a734a) Importer(815301076,1909f56bfc062723c751e8b465ee728b)
Start importing Assets/Material/Tiles/Castillo_93.asset using Guid(0e8c121d1e65ad444b3023bd627a734a) Importer(815301076,1909f56bfc062723c751e8b465ee728b)  -> (artifact id: 'f1730361cba6a2b5f4cf13e036c65e98') in 0.009210 seconds
Number of updated asset objects reloaded before import = 0
Number of asset objects unloaded after import = 3
========================================================================
Received Import Request.
  Time since last request: 0.000019 seconds.
  path: Assets/Material/Tiles/Castillo_92.asset
  artifactKey: Guid(bb4d997986ff91b4b86d7790cba8e191) Importer(815301076,1909f56bfc062723c751e8b465ee728b)
Start importing Assets/Material/Tiles/Castillo_92.asset using Guid(bb4d997986ff91b4b86d7790cba8e191) Importer(815301076,1909f56bfc062723c751e8b465ee728b)  -> (artifact id: 'cf7f9c9a1f9cf25ffd6387400b11f6ce') in 0.010151 seconds
Number of updated asset objects reloaded before import = 0
Number of asset objects unloaded after import = 3
========================================================================
Received Import Request.
  Time since last request: 0.000014 seconds.
  path: Assets/Material/Tiles/Castillo_90.asset
  artifactKey: Guid(bd19e40dfbed6f14c9927bfee0e54d99) Importer(815301076,1909f56bfc062723c751e8b465ee728b)
Start importing Assets/Material/Tiles/Castillo_90.asset using Guid(bd19e40dfbed6f14c9927bfee0e54d99) Importer(815301076,1909f56bfc062723c751e8b465ee728b)  -> (artifact id: '1ed8807797539cc0f21e705af5fc9041') in 0.009631 seconds
Number of updated asset objects reloaded before import = 0
Number of asset objects unloaded after import = 3
========================================================================
Received Import Request.
  Time since last request: 0.000020 seconds.
  path: Assets/Material/Tiles/Castillo_85.asset
  artifactKey: Guid(bb4879d83126f1e4d8bdea4c0f4a11bc) Importer(815301076,1909f56bfc062723c751e8b465ee728b)
Start importing Assets/Material/Tiles/Castillo_85.asset using Guid(bb4879d83126f1e4d8bdea4c0f4a11bc) Importer(815301076,1909f56bfc062723c751e8b465ee728b)  -> (artifact id: '5cd87079e2da6c574fb99cdcd25cce1c') in 0.009883 seconds
Number of updated asset objects reloaded before import = 0
Number of asset objects unloaded after import = 3
========================================================================
Received Import Request.
  Time since last request: 0.000014 seconds.
  path: Assets/Material/Tiles/Castillo_101.asset
  artifactKey: Guid(bb0786b1240e222438a372cb7d4b6a42) Importer(815301076,1909f56bfc062723c751e8b465ee728b)
Start importing Assets/Material/Tiles/Castillo_101.asset using Guid(bb0786b1240e222438a372cb7d4b6a42) Importer(815301076,1909f56bfc062723c751e8b465ee728b)  -> (artifact id: 'd9bc389d12dff0fc6d8d2df02bacd656') in 0.010013 seconds
Number of updated asset objects reloaded before import = 0
Number of asset objects unloaded after import = 3
========================================================================
Received Import Request.
  Time since last request: 0.000021 seconds.
  path: Assets/Material/Tiles/Castillo_64.asset
  artifactKey: Guid(72ec4ed01685ae845844f268db02045b) Importer(815301076,1909f56bfc062723c751e8b465ee728b)
Start importing Assets/Material/Tiles/Castillo_64.asset using Guid(72ec4ed01685ae845844f268db02045b) Importer(815301076,1909f56bfc062723c751e8b465ee728b)  -> (artifact id: 'a3afebbb516ead27c32929578421480d') in 0.010187 seconds
Number of updated asset objects reloaded before import = 0
Number of asset objects unloaded after import = 3
========================================================================
Received Import Request.
  Time since last request: 0.463556 seconds.
  path: Assets/Material/Tiles/tileset_57.asset
  artifactKey: Guid(46311323e9d060747936d00817ebcd3a) Importer(815301076,1909f56bfc062723c751e8b465ee728b)
Start importing Assets/Material/Tiles/tileset_57.asset using Guid(46311323e9d060747936d00817ebcd3a) Importer(815301076,1909f56bfc062723c751e8b465ee728b)  -> (artifact id: '81e99cec0dde50fe69960a9076de27e4') in 0.010151 seconds
Number of updated asset objects reloaded before import = 0
Number of asset objects unloaded after import = 3
========================================================================
Received Import Request.
  Time since last request: 0.000016 seconds.
  path: Assets/Material/Tiles/tileset_58.asset
  artifactKey: Guid(509dcd7197a82924c81fd0e75f90c671) Importer(815301076,1909f56bfc062723c751e8b465ee728b)
Start importing Assets/Material/Tiles/tileset_58.asset using Guid(509dcd7197a82924c81fd0e75f90c671) Importer(815301076,1909f56bfc062723c751e8b465ee728b)  -> (artifact id: '72058785a7409e820da14d9e1f1a834d') in 0.010161 seconds
Number of updated asset objects reloaded before import = 0
Number of asset objects unloaded after import = 3
========================================================================
Received Import Request.
  Time since last request: 0.000020 seconds.
  path: Assets/Material/Tiles/tileset_59 1.asset
  artifactKey: Guid(00d283fd2d7272341accc5cb88a526d0) Importer(815301076,1909f56bfc062723c751e8b465ee728b)
Start importing Assets/Material/Tiles/tileset_59 1.asset using Guid(00d283fd2d7272341accc5cb88a526d0) Importer(815301076,1909f56bfc062723c751e8b465ee728b)  -> (artifact id: '3e4ba472e9849e1248f6f5f51adc898f') in 0.010047 seconds
Number of updated asset objects reloaded before import = 0
Number of asset objects unloaded after import = 3
========================================================================
Received Import Request.
  Time since last request: 0.000026 seconds.
  path: Assets/Material/Tiles/tileset_59.asset
  artifactKey: Guid(37346be8fbc3d574a81186a1b97dbd67) Importer(815301076,1909f56bfc062723c751e8b465ee728b)
Start importing Assets/Material/Tiles/tileset_59.asset using Guid(37346be8fbc3d574a81186a1b97dbd67) Importer(815301076,1909f56bfc062723c751e8b465ee728b)  -> (artifact id: 'a5307dea415751771b5656149560631b') in 0.009141 seconds
Number of updated asset objects reloaded before import = 0
Number of asset objects unloaded after import = 3
========================================================================
Received Import Request.
  Time since last request: 0.003379 seconds.
  path: Assets/Material/Tiles/tileset_60 1.asset
  artifactKey: Guid(3cd22984a1c6ab34aaf3e9bc6122946a) Importer(815301076,1909f56bfc062723c751e8b465ee728b)
Start importing Assets/Material/Tiles/tileset_60 1.asset using Guid(3cd22984a1c6ab34aaf3e9bc6122946a) Importer(815301076,1909f56bfc062723c751e8b465ee728b)  -> (artifact id: '8bdf67f2278937f789233c23d7671e4a') in 0.009499 seconds
Number of updated asset objects reloaded before import = 0
Number of asset objects unloaded after import = 3
========================================================================
Received Import Request.
  Time since last request: 0.000017 seconds.
  path: Assets/Material/Tiles/tileset_62.asset
  artifactKey: Guid(32086414552cca44982b7bac268ef85f) Importer(815301076,1909f56bfc062723c751e8b465ee728b)
Start importing Assets/Material/Tiles/tileset_62.asset using Guid(32086414552cca44982b7bac268ef85f) Importer(815301076,1909f56bfc062723c751e8b465ee728b)  -> (artifact id: '6445638bc4388eeb7acf0049455a4cbb') in 0.004903 seconds
Number of updated asset objects reloaded before import = 0
Number of asset objects unloaded after import = 3
========================================================================
Received Import Request.
  Time since last request: 0.000012 seconds.
  path: Assets/Material/Tiles/tileset_62 1.asset
  artifactKey: Guid(6a59a4dbf3c4cb641b86a68950734a6c) Importer(815301076,1909f56bfc062723c751e8b465ee728b)
Start importing Assets/Material/Tiles/tileset_62 1.asset using Guid(6a59a4dbf3c4cb641b86a68950734a6c) Importer(815301076,1909f56bfc062723c751e8b465ee728b)  -> (artifact id: '859ecb5570f96f6be2cfd001570e7c7a') in 0.009455 seconds
Number of updated asset objects reloaded before import = 0
Number of asset objects unloaded after import = 3
========================================================================
Received Import Request.
  Time since last request: 0.000020 seconds.
  path: Assets/Material/Tiles/tileset_63.asset
  artifactKey: Guid(659eab7ca5419324ab003c336b9a029e) Importer(815301076,1909f56bfc062723c751e8b465ee728b)
Start importing Assets/Material/Tiles/tileset_63.asset using Guid(659eab7ca5419324ab003c336b9a029e) Importer(815301076,1909f56bfc062723c751e8b465ee728b)  -> (artifact id: '0c6f8efc73c0a7dcadeb3fea4685a3f6') in 0.005684 seconds
Number of updated asset objects reloaded before import = 0
Number of asset objects unloaded after import = 3
========================================================================
Received Import Request.
  Time since last request: 0.005194 seconds.
  path: Assets/Material/Tiles/tileset_64.asset
  artifactKey: Guid(8a2033ed8ab97a64f994b2ea75e83793) Importer(815301076,1909f56bfc062723c751e8b465ee728b)
Start importing Assets/Material/Tiles/tileset_64.asset using Guid(8a2033ed8ab97a64f994b2ea75e83793) Importer(815301076,1909f56bfc062723c751e8b465ee728b)  -> (artifact id: '6ee0535eac873585761361a3d2a86bf5') in 0.004848 seconds
Number of updated asset objects reloaded before import = 0
Number of asset objects unloaded after import = 3
========================================================================
Received Import Request.
  Time since last request: 0.001011 seconds.
  path: Assets/Material/Tiles/tileset_64 1.asset
  artifactKey: Guid(60d1f5b4194a01248b376938e415d31a) Importer(815301076,1909f56bfc062723c751e8b465ee728b)
Start importing Assets/Material/Tiles/tileset_64 1.asset using Guid(60d1f5b4194a01248b376938e415d31a) Importer(815301076,1909f56bfc062723c751e8b465ee728b)  -> (artifact id: '3d0bd898d64492a788413c1a42e139eb') in 0.009781 seconds
Number of updated asset objects reloaded before import = 0
Number of asset objects unloaded after import = 3
========================================================================
Received Import Request.
  Time since last request: 0.000017 seconds.
  path: Assets/Material/Tiles/tileset_66.asset
  artifactKey: Guid(91846b0783368194ead69831ce6e26bd) Importer(815301076,1909f56bfc062723c751e8b465ee728b)
Start importing Assets/Material/Tiles/tileset_66.asset using Guid(91846b0783368194ead69831ce6e26bd) Importer(815301076,1909f56bfc062723c751e8b465ee728b)  -> (artifact id: '421f9a749ebc945474688ec7a1659cf7') in 0.003987 seconds
Number of updated asset objects reloaded before import = 0
Number of asset objects unloaded after import = 3
========================================================================
Received Import Request.
  Time since last request: 0.000251 seconds.
  path: Assets/Material/Tiles/tileset_66 1.asset
  artifactKey: Guid(6f22547a8174ea445958a87f6c88e453) Importer(815301076,1909f56bfc062723c751e8b465ee728b)
Start importing Assets/Material/Tiles/tileset_66 1.asset using Guid(6f22547a8174ea445958a87f6c88e453) Importer(815301076,1909f56bfc062723c751e8b465ee728b)  -> (artifact id: '44caff91dd7d417d9eb9428532307464') in 0.009317 seconds
Number of updated asset objects reloaded before import = 0
Number of asset objects unloaded after import = 3
========================================================================
Received Import Request.
  Time since last request: 0.000015 seconds.
  path: Assets/Material/Tiles/tileset_67 1.asset
  artifactKey: Guid(3ba907817010ae0429fc50689a440122) Importer(815301076,1909f56bfc062723c751e8b465ee728b)
Start importing Assets/Material/Tiles/tileset_67 1.asset using Guid(3ba907817010ae0429fc50689a440122) Importer(815301076,1909f56bfc062723c751e8b465ee728b)  -> (artifact id: '23fca49a9988d5da83aca53cbd090397') in 0.008989 seconds
Number of updated asset objects reloaded before import = 0
Number of asset objects unloaded after import = 3
========================================================================
Received Import Request.
  Time since last request: 0.000015 seconds.
  path: Assets/Material/Tiles/tileset_69 1.asset
  artifactKey: Guid(77f206e57ff4ffe4a93dcb282b1ac5ac) Importer(815301076,1909f56bfc062723c751e8b465ee728b)
Start importing Assets/Material/Tiles/tileset_69 1.asset using Guid(77f206e57ff4ffe4a93dcb282b1ac5ac) Importer(815301076,1909f56bfc062723c751e8b465ee728b)  -> (artifact id: '43824f85460e8d90e3c18535a2bfe7fb') in 0.010693 seconds
Number of updated asset objects reloaded before import = 0
Number of asset objects unloaded after import = 3
========================================================================
Received Import Request.
  Time since last request: 0.000016 seconds.
  path: Assets/Material/Tiles/tileset_69.asset
  artifactKey: Guid(e89e9da37710fe2459575a6e694b344d) Importer(815301076,1909f56bfc062723c751e8b465ee728b)
Start importing Assets/Material/Tiles/tileset_69.asset using Guid(e89e9da37710fe2459575a6e694b344d) Importer(815301076,1909f56bfc062723c751e8b465ee728b)  -> (artifact id: 'e62bab48d7d8d9414c5ecd2ce8bfc6b1') in 0.010643 seconds
Number of updated asset objects reloaded before import = 0
Number of asset objects unloaded after import = 3
========================================================================
Received Import Request.
  Time since last request: 0.000017 seconds.
  path: Assets/Material/Tiles/tileset_70 1.asset
  artifactKey: Guid(9845d758776a90f4582aac172a99e725) Importer(815301076,1909f56bfc062723c751e8b465ee728b)
Start importing Assets/Material/Tiles/tileset_70 1.asset using Guid(9845d758776a90f4582aac172a99e725) Importer(815301076,1909f56bfc062723c751e8b465ee728b)  -> (artifact id: 'ab566e96d017545dbfa595b156df50a3') in 0.009806 seconds
Number of updated asset objects reloaded before import = 0
Number of asset objects unloaded after import = 3
========================================================================
Received Import Request.
  Time since last request: 0.000016 seconds.
  path: Assets/Material/Tiles/tileset_71 1.asset
  artifactKey: Guid(9d22a176fbce35641b98e0d9c85c2dce) Importer(815301076,1909f56bfc062723c751e8b465ee728b)
Start importing Assets/Material/Tiles/tileset_71 1.asset using Guid(9d22a176fbce35641b98e0d9c85c2dce) Importer(815301076,1909f56bfc062723c751e8b465ee728b)  -> (artifact id: 'cad055ee68893eecfe068342df57f848') in 0.008591 seconds
Number of updated asset objects reloaded before import = 0
Number of asset objects unloaded after import = 3
========================================================================
Received Import Request.
  Time since last request: 0.000015 seconds.
  path: Assets/Material/Tiles/tileset_72 1.asset
  artifactKey: Guid(cbbb867e453b5f7428e871d88636298b) Importer(815301076,1909f56bfc062723c751e8b465ee728b)
Start importing Assets/Material/Tiles/tileset_72 1.asset using Guid(cbbb867e453b5f7428e871d88636298b) Importer(815301076,1909f56bfc062723c751e8b465ee728b)  -> (artifact id: 'b194860a8a49e88c92feee9e1229c8cc') in 0.008564 seconds
Number of updated asset objects reloaded before import = 0
Number of asset objects unloaded after import = 3
========================================================================
Received Import Request.
  Time since last request: 0.000015 seconds.
  path: Assets/Material/Tiles/tileset_74 1.asset
  artifactKey: Guid(3b41098db99eeee4bb89c08825d9a10b) Importer(815301076,1909f56bfc062723c751e8b465ee728b)
Start importing Assets/Material/Tiles/tileset_74 1.asset using Guid(3b41098db99eeee4bb89c08825d9a10b) Importer(815301076,1909f56bfc062723c751e8b465ee728b)  -> (artifact id: '4aa0c8abe4ff7fe74be06bb453aec5fa') in 0.009052 seconds
Number of updated asset objects reloaded before import = 0
Number of asset objects unloaded after import = 3
========================================================================
Received Import Request.
  Time since last request: 0.000017 seconds.
  path: Assets/Material/Tiles/tileset_75 1.asset
  artifactKey: Guid(eaf7c5aeb513b4e4d86c6f80f1f6afd1) Importer(815301076,1909f56bfc062723c751e8b465ee728b)
Start importing Assets/Material/Tiles/tileset_75 1.asset using Guid(eaf7c5aeb513b4e4d86c6f80f1f6afd1) Importer(815301076,1909f56bfc062723c751e8b465ee728b)  -> (artifact id: '2e067862b49c42b47434a6c5f94b64c3') in 0.009350 seconds
Number of updated asset objects reloaded before import = 0
Number of asset objects unloaded after import = 3
========================================================================
Received Import Request.
  Time since last request: 0.000025 seconds.
  path: Assets/Material/Tiles/tileset_77 1.asset
  artifactKey: Guid(689924c8b4a9f8e49a60eeb2e2250e13) Importer(815301076,1909f56bfc062723c751e8b465ee728b)
Start importing Assets/Material/Tiles/tileset_77 1.asset using Guid(689924c8b4a9f8e49a60eeb2e2250e13) Importer(815301076,1909f56bfc062723c751e8b465ee728b)  -> (artifact id: '964b2d6f20df6fcfdde871735e1d9543') in 0.011014 seconds
Number of updated asset objects reloaded before import = 0
Number of asset objects unloaded after import = 3
========================================================================
Received Import Request.
  Time since last request: 0.000017 seconds.
  path: Assets/Material/Tiles/tileset_77.asset
  artifactKey: Guid(a7d1288ceacf6974ba6cd1e4830d7cbf) Importer(815301076,1909f56bfc062723c751e8b465ee728b)
Start importing Assets/Material/Tiles/tileset_77.asset using Guid(a7d1288ceacf6974ba6cd1e4830d7cbf) Importer(815301076,1909f56bfc062723c751e8b465ee728b)  -> (artifact id: '864a321ef44266f7d8dd7ed52f7ea57e') in 0.009203 seconds
Number of updated asset objects reloaded before import = 0
Number of asset objects unloaded after import = 3
========================================================================
Received Import Request.
  Time since last request: 0.000016 seconds.
  path: Assets/Material/Tiles/tileset_78.asset
  artifactKey: Guid(912979ff5b129c346852c535211fe464) Importer(815301076,1909f56bfc062723c751e8b465ee728b)
Start importing Assets/Material/Tiles/tileset_78.asset using Guid(912979ff5b129c346852c535211fe464) Importer(815301076,1909f56bfc062723c751e8b465ee728b)  -> (artifact id: 'eed4a1b8d4559e4ce32e77109d585609') in 0.010755 seconds
Number of updated asset objects reloaded before import = 0
Number of asset objects unloaded after import = 3
========================================================================
Received Import Request.
  Time since last request: 0.000018 seconds.
  path: Assets/Material/Tiles/tileset_73.asset
  artifactKey: Guid(8c4ca045c14874e42ad074d8ccc26bb2) Importer(815301076,1909f56bfc062723c751e8b465ee728b)
Start importing Assets/Material/Tiles/tileset_73.asset using Guid(8c4ca045c14874e42ad074d8ccc26bb2) Importer(815301076,1909f56bfc062723c751e8b465ee728b)  -> (artifact id: '8c125cd5efe79d5d7ac0a231b0979bea') in 0.010621 seconds
Number of updated asset objects reloaded before import = 0
Number of asset objects unloaded after import = 3
========================================================================
Received Import Request.
  Time since last request: 0.000014 seconds.
  path: Assets/Material/Tiles/tileset_81 1.asset
  artifactKey: Guid(c70823a0062a60d4380a40acb6e83aee) Importer(815301076,1909f56bfc062723c751e8b465ee728b)
Start importing Assets/Material/Tiles/tileset_81 1.asset using Guid(c70823a0062a60d4380a40acb6e83aee) Importer(815301076,1909f56bfc062723c751e8b465ee728b)  -> (artifact id: '8ae8ab02caf9fc02f3b3fd52ec16fb45') in 0.009581 seconds
Number of updated asset objects reloaded before import = 0
Number of asset objects unloaded after import = 3
========================================================================
Received Import Request.
  Time since last request: 0.000019 seconds.
  path: Assets/Material/Tiles/tileset_82.asset
  artifactKey: Guid(a6430de54333ee64d925c29da286d51c) Importer(815301076,1909f56bfc062723c751e8b465ee728b)
Start importing Assets/Material/Tiles/tileset_82.asset using Guid(a6430de54333ee64d925c29da286d51c) Importer(815301076,1909f56bfc062723c751e8b465ee728b)  -> (artifact id: 'e446e16e669da784b9f69bd936f4aaf8') in 0.008843 seconds
Number of updated asset objects reloaded before import = 0
Number of asset objects unloaded after import = 3
========================================================================
Received Import Request.
  Time since last request: 0.000029 seconds.
  path: Assets/Material/Tiles/tileset_84 1.asset
  artifactKey: Guid(a97b52c9adf70b741b976c416bd28a2f) Importer(815301076,1909f56bfc062723c751e8b465ee728b)
Start importing Assets/Material/Tiles/tileset_84 1.asset using Guid(a97b52c9adf70b741b976c416bd28a2f) Importer(815301076,1909f56bfc062723c751e8b465ee728b)  -> (artifact id: 'f1a87abc6c2ba552fd2f9b59d24fbdad') in 0.012464 seconds
Number of updated asset objects reloaded before import = 0
Number of asset objects unloaded after import = 3
========================================================================
Received Import Request.
  Time since last request: 0.000016 seconds.
  path: Assets/Material/Tiles/tileset_86 1.asset
  artifactKey: Guid(59418d4e108ae674986a9ae6c863f46f) Importer(815301076,1909f56bfc062723c751e8b465ee728b)
Start importing Assets/Material/Tiles/tileset_86 1.asset using Guid(59418d4e108ae674986a9ae6c863f46f) Importer(815301076,1909f56bfc062723c751e8b465ee728b)  -> (artifact id: '9148b008633d3c3b727c9d7b26d157cb') in 0.009465 seconds
Number of updated asset objects reloaded before import = 0
Number of asset objects unloaded after import = 3
========================================================================
Received Import Request.
  Time since last request: 0.000017 seconds.
  path: Assets/Material/Tiles/tileset_87 1.asset
  artifactKey: Guid(4e3958b7916146941847c3554a476247) Importer(815301076,1909f56bfc062723c751e8b465ee728b)
Start importing Assets/Material/Tiles/tileset_87 1.asset using Guid(4e3958b7916146941847c3554a476247) Importer(815301076,1909f56bfc062723c751e8b465ee728b)  -> (artifact id: '30e3caba8f1a4f92b71e33b5a2fd3bd3') in 0.010544 seconds
Number of updated asset objects reloaded before import = 0
Number of asset objects unloaded after import = 3
========================================================================
Received Import Request.
  Time since last request: 0.000015 seconds.
  path: Assets/Material/Tiles/tileset_79 1.asset
  artifactKey: Guid(b4a928272ff176144a0a7c124481861e) Importer(815301076,1909f56bfc062723c751e8b465ee728b)
Start importing Assets/Material/Tiles/tileset_79 1.asset using Guid(b4a928272ff176144a0a7c124481861e) Importer(815301076,1909f56bfc062723c751e8b465ee728b)  -> (artifact id: '76cb23f28d958beee1d0833b339e2d37') in 0.009319 seconds
Number of updated asset objects reloaded before import = 0
Number of asset objects unloaded after import = 3
========================================================================
Received Import Request.
  Time since last request: 0.000015 seconds.
  path: Assets/Material/Tiles/tileset_89.asset
  artifactKey: Guid(c17512af8078b3d4f89e5978aee55cb6) Importer(815301076,1909f56bfc062723c751e8b465ee728b)
Start importing Assets/Material/Tiles/tileset_89.asset using Guid(c17512af8078b3d4f89e5978aee55cb6) Importer(815301076,1909f56bfc062723c751e8b465ee728b)  -> (artifact id: 'd861fc91172e5b654d146dc240f335de') in 0.009215 seconds
Number of updated asset objects reloaded before import = 0
Number of asset objects unloaded after import = 3
========================================================================
Received Import Request.
  Time since last request: 0.000016 seconds.
  path: Assets/Material/Tiles/tileset_88 1.asset
  artifactKey: Guid(950270e7c9ebbcd4b9b87969e604511f) Importer(815301076,1909f56bfc062723c751e8b465ee728b)
Start importing Assets/Material/Tiles/tileset_88 1.asset using Guid(950270e7c9ebbcd4b9b87969e604511f) Importer(815301076,1909f56bfc062723c751e8b465ee728b)  -> (artifact id: '2aaa61255c4dc054781d63229614f3e0') in 0.009524 seconds
Number of updated asset objects reloaded before import = 0
Number of asset objects unloaded after import = 3
========================================================================
Received Import Request.
  Time since last request: 0.000014 seconds.
  path: Assets/Material/Tiles/tileset_90 1.asset
  artifactKey: Guid(ba080cb530dabbc4587e35f17e70f712) Importer(815301076,1909f56bfc062723c751e8b465ee728b)
Start importing Assets/Material/Tiles/tileset_90 1.asset using Guid(ba080cb530dabbc4587e35f17e70f712) Importer(815301076,1909f56bfc062723c751e8b465ee728b)  -> (artifact id: '5fffababe904d787727a3ad8c404cd00') in 0.009931 seconds
Number of updated asset objects reloaded before import = 0
Number of asset objects unloaded after import = 3
========================================================================
Received Import Request.
  Time since last request: 0.000013 seconds.
  path: Assets/Material/Tiles/tileset_93.asset
  artifactKey: Guid(0a8184659e80c044baa6eb90591aafb9) Importer(815301076,1909f56bfc062723c751e8b465ee728b)
Start importing Assets/Material/Tiles/tileset_93.asset using Guid(0a8184659e80c044baa6eb90591aafb9) Importer(815301076,1909f56bfc062723c751e8b465ee728b)  -> (artifact id: 'e3e866b93ea4c98ff2835e2d07d45684') in 0.008577 seconds
Number of updated asset objects reloaded before import = 0
Number of asset objects unloaded after import = 3
========================================================================
Received Import Request.
  Time since last request: 0.000018 seconds.
  path: Assets/Material/Tiles/tileset_94.asset
  artifactKey: Guid(f60b1a6e4760b6342bfad0d2feaea66d) Importer(815301076,1909f56bfc062723c751e8b465ee728b)
Start importing Assets/Material/Tiles/tileset_94.asset using Guid(f60b1a6e4760b6342bfad0d2feaea66d) Importer(815301076,1909f56bfc062723c751e8b465ee728b)  -> (artifact id: '7fbb9be278156ced196a21319c5a57b6') in 0.009101 seconds
Number of updated asset objects reloaded before import = 0
Number of asset objects unloaded after import = 3
========================================================================
Received Import Request.
  Time since last request: 0.000016 seconds.
  path: Assets/Material/Tiles/tileset_95 1.asset
  artifactKey: Guid(7c0f0d4c4f7018a4ba69fff192cec591) Importer(815301076,1909f56bfc062723c751e8b465ee728b)
Start importing Assets/Material/Tiles/tileset_95 1.asset using Guid(7c0f0d4c4f7018a4ba69fff192cec591) Importer(815301076,1909f56bfc062723c751e8b465ee728b)  -> (artifact id: '349ad0f3da236115f269baaa51981ec3') in 0.010980 seconds
Number of updated asset objects reloaded before import = 0
Number of asset objects unloaded after import = 3
========================================================================
Received Import Request.
  Time since last request: 0.000016 seconds.
  path: Assets/Material/Tiles/tileset_97.asset
  artifactKey: Guid(b3295273f95464149b8c4ea2c47b8dd3) Importer(815301076,1909f56bfc062723c751e8b465ee728b)
Start importing Assets/Material/Tiles/tileset_97.asset using Guid(b3295273f95464149b8c4ea2c47b8dd3) Importer(815301076,1909f56bfc062723c751e8b465ee728b)  -> (artifact id: '345719f09c13e8695878fcb63a2ae8d6') in 0.010268 seconds
Number of updated asset objects reloaded before import = 0
Number of asset objects unloaded after import = 3
========================================================================
Received Import Request.
  Time since last request: 0.000018 seconds.
  path: Assets/Material/Tiles/tileset_97 1.asset
  artifactKey: Guid(ec68f3df0c8f1564a82d80cb4188dbc9) Importer(815301076,1909f56bfc062723c751e8b465ee728b)
Start importing Assets/Material/Tiles/tileset_97 1.asset using Guid(ec68f3df0c8f1564a82d80cb4188dbc9) Importer(815301076,1909f56bfc062723c751e8b465ee728b)  -> (artifact id: '91b64d0c1b1a670a4c000efb434bf391') in 0.010882 seconds
Number of updated asset objects reloaded before import = 0
Number of asset objects unloaded after import = 3
========================================================================
Received Import Request.
  Time since last request: 0.000015 seconds.
  path: Assets/Material/Tiles/tileset_98.asset
  artifactKey: Guid(713538cdda9593643a167967435a31c7) Importer(815301076,1909f56bfc062723c751e8b465ee728b)
Start importing Assets/Material/Tiles/tileset_98.asset using Guid(713538cdda9593643a167967435a31c7) Importer(815301076,1909f56bfc062723c751e8b465ee728b)  -> (artifact id: 'c286939a7c514bae368797ecd7dd2198') in 0.004561 seconds
Number of updated asset objects reloaded before import = 0
Number of asset objects unloaded after import = 3
========================================================================
Received Import Request.
  Time since last request: 0.000023 seconds.
  path: Assets/Material/Tiles/tileset_99.asset
  artifactKey: Guid(167694c53f4100343ad0a0da0a9133b2) Importer(815301076,1909f56bfc062723c751e8b465ee728b)
Start importing Assets/Material/Tiles/tileset_99.asset using Guid(167694c53f4100343ad0a0da0a9133b2) Importer(815301076,1909f56bfc062723c751e8b465ee728b)  -> (artifact id: 'd6d08d8c979e2984e674b0a9284dce7e') in 0.004578 seconds
Number of updated asset objects reloaded before import = 0
Number of asset objects unloaded after import = 3
========================================================================
Received Import Request.
  Time since last request: 0.000012 seconds.
  path: Assets/Material/Tiles/tileset_99 1.asset
  artifactKey: Guid(e36cff04cac15a6489c69b0c66d0a451) Importer(815301076,1909f56bfc062723c751e8b465ee728b)
Start importing Assets/Material/Tiles/tileset_99 1.asset using Guid(e36cff04cac15a6489c69b0c66d0a451) Importer(815301076,1909f56bfc062723c751e8b465ee728b)  -> (artifact id: 'f77c70c1fff5cccb62bcbf606e376a3e') in 0.009757 seconds
Number of updated asset objects reloaded before import = 0
Number of asset objects unloaded after import = 3
========================================================================
Received Import Request.
  Time since last request: 0.000016 seconds.
  path: Assets/Material/Tiles/tileset_101.asset
  artifactKey: Guid(40d3b66fe44d2834981852ed3ba96ccd) Importer(815301076,1909f56bfc062723c751e8b465ee728b)
Start importing Assets/Material/Tiles/tileset_101.asset using Guid(40d3b66fe44d2834981852ed3ba96ccd) Importer(815301076,1909f56bfc062723c751e8b465ee728b)  -> (artifact id: 'fb3d07bf5fa0b9f4b18b83872a3afee4') in 0.004489 seconds
Number of updated asset objects reloaded before import = 0
Number of asset objects unloaded after import = 3
========================================================================
Received Import Request.
  Time since last request: 0.000013 seconds.
  path: Assets/Material/Tiles/tileset_101 1.asset
  artifactKey: Guid(282c64b4a601bae428c112a7624ca3d8) Importer(815301076,1909f56bfc062723c751e8b465ee728b)
Start importing Assets/Material/Tiles/tileset_101 1.asset using Guid(282c64b4a601bae428c112a7624ca3d8) Importer(815301076,1909f56bfc062723c751e8b465ee728b)  -> (artifact id: '3f4d5387b6201a88c533c5d15ccd883b') in 0.010295 seconds
Number of updated asset objects reloaded before import = 0
Number of asset objects unloaded after import = 3
========================================================================
Received Import Request.
  Time since last request: 0.000015 seconds.
  path: Assets/Material/Tiles/tileset_102.asset
  artifactKey: Guid(6d8166b2a124f824780a33d89f07c74b) Importer(815301076,1909f56bfc062723c751e8b465ee728b)
Start importing Assets/Material/Tiles/tileset_102.asset using Guid(6d8166b2a124f824780a33d89f07c74b) Importer(815301076,1909f56bfc062723c751e8b465ee728b)  -> (artifact id: 'c927d979bdd6bb50ba4bcce062802aed') in 0.008789 seconds
Number of updated asset objects reloaded before import = 0
Number of asset objects unloaded after import = 3
========================================================================
Received Import Request.
  Time since last request: 0.000015 seconds.
  path: Assets/Material/Tiles/tree.asset
  artifactKey: Guid(d29d7851f15fb7044901ea07c10584b1) Importer(815301076,1909f56bfc062723c751e8b465ee728b)
Start importing Assets/Material/Tiles/tree.asset using Guid(d29d7851f15fb7044901ea07c10584b1) Importer(815301076,1909f56bfc062723c751e8b465ee728b)  -> (artifact id: 'ae1a975475e27de066d42ed9cd9fede4') in 0.013394 seconds
Number of updated asset objects reloaded before import = 0
Number of asset objects unloaded after import = 3
========================================================================
Received Import Request.
  Time since last request: 0.000014 seconds.
  path: Assets/Material/Tiles/tileset_90.asset
  artifactKey: Guid(020cbf609eea8834a9cb8378fc5a3624) Importer(815301076,1909f56bfc062723c751e8b465ee728b)
Start importing Assets/Material/Tiles/tileset_90.asset using Guid(020cbf609eea8834a9cb8378fc5a3624) Importer(815301076,1909f56bfc062723c751e8b465ee728b)  -> (artifact id: 'a39153f103441b113cda4aeed3ad1040') in 0.010163 seconds
Number of updated asset objects reloaded before import = 0
Number of asset objects unloaded after import = 3
========================================================================
Received Import Request.
  Time since last request: 0.000016 seconds.
  path: Assets/Material/Tiles/tileset_82 1.asset
  artifactKey: Guid(b7aa26e941808154e8394a0fc1dec2a4) Importer(815301076,1909f56bfc062723c751e8b465ee728b)
Start importing Assets/Material/Tiles/tileset_82 1.asset using Guid(b7aa26e941808154e8394a0fc1dec2a4) Importer(815301076,1909f56bfc062723c751e8b465ee728b)  -> (artifact id: '58cc5a1ccba59b1ef9e96c1079774922') in 0.012946 seconds
Number of updated asset objects reloaded before import = 0
Number of asset objects unloaded after import = 3
========================================================================
Received Import Request.
  Time since last request: 0.000015 seconds.
  path: Assets/Material/Tiles/tileset_100 1.asset
  artifactKey: Guid(7d065bc3237f3464d8b8af7d1a17d6af) Importer(815301076,1909f56bfc062723c751e8b465ee728b)
Start importing Assets/Material/Tiles/tileset_100 1.asset using Guid(7d065bc3237f3464d8b8af7d1a17d6af) Importer(815301076,1909f56bfc062723c751e8b465ee728b)  -> (artifact id: 'd0804c5901024c2eee881b4158ad86cd') in 0.011089 seconds
Number of updated asset objects reloaded before import = 0
Number of asset objects unloaded after import = 3
========================================================================
Received Import Request.
  Time since last request: 0.000019 seconds.
  path: Assets/Material/Tiles/tileset_85.asset
  artifactKey: Guid(b0c9bfc2d7edaec4c9db9faf77602478) Importer(815301076,1909f56bfc062723c751e8b465ee728b)
Start importing Assets/Material/Tiles/tileset_85.asset using Guid(b0c9bfc2d7edaec4c9db9faf77602478) Importer(815301076,1909f56bfc062723c751e8b465ee728b)  -> (artifact id: '6539e4668815fa52a47383ffa8306873') in 0.009667 seconds
Number of updated asset objects reloaded before import = 0
Number of asset objects unloaded after import = 3
========================================================================
Received Import Request.
  Time since last request: 1230.689533 seconds.
  path: Assets/Scenes/Nivel4.unity
  artifactKey: Guid(26aea7f83c7938443abdb3bea5932740) Importer(815301076,1909f56bfc062723c751e8b465ee728b)
Start importing Assets/Scenes/Nivel4.unity using Guid(26aea7f83c7938443abdb3bea5932740) Importer(815301076,1909f56bfc062723c751e8b465ee728b)  -> (artifact id: 'd27234468fdf0fc1aa94e5d9f7fb01d8') in 0.001101 seconds
Number of updated asset objects reloaded before import = 0
Number of asset objects unloaded after import = 0
========================================================================
Received Import Request.
  Time since last request: 78.265892 seconds.
  path: Assets/UnityAssets/Ambiente/Gothicvania Swamp Artwork/Evironment
  artifactKey: Guid(b19a15ad53c1749709369b96b6987217) Importer(815301076,1909f56bfc062723c751e8b465ee728b)
Start importing Assets/UnityAssets/Ambiente/Gothicvania Swamp Artwork/Evironment using Guid(b19a15ad53c1749709369b96b6987217) Importer(815301076,1909f56bfc062723c751e8b465ee728b)  -> (artifact id: '5ec4208bd3e2be8ef834a11acb65d4ae') in 0.000826 seconds
Number of updated asset objects reloaded before import = 0
Number of asset objects unloaded after import = 0
